variant,DDT,M,S,run,seed,total_tardiness,decision_time_ms_mean
full,0.5,10,1,0,0,5135.0,0.6815
full,0.5,10,1,1,1,5347.0,0.6389
full,0.5,10,1,2,2,5617.0,0.6562
full,0.5,10,1,3,3,5277.0,0.5997
full,0.5,10,1,4,4,5158.0,0.6464
full,0.5,10,1,5,5,5203.0,0.6679
full,0.5,10,1,6,6,5428.0,0.7301
full,0.5,10,1,7,7,5189.0,0.6958
full,0.5,10,1,8,8,5505.0,0.692
full,0.5,10,1,9,9,5398.0,0.6826
full,0.5,10,1,10,10,5692.0,0.547
full,0.5,10,1,11,11,5470.0,0.5139
full,0.5,10,1,12,12,5309.0,0.5564
full,0.5,10,1,13,13,5237.0,0.5387
full,0.5,10,1,14,14,5532.0,0.5318
full,0.5,10,1,15,15,5378.0,0.5139
full,0.5,10,1,16,16,5366.0,0.5869
full,0.5,10,1,17,17,4973.0,0.5936
full,0.5,10,1,18,18,5158.0,0.5123
full,0.5,10,1,19,19,4979.0,0.5456
full,0.5,10,1,20,20,5824.0,0.5454
full,0.5,10,1,21,21,4844.0,0.557
full,0.5,10,1,22,22,4902.0,0.5123
full,0.5,10,1,23,23,5277.0,0.5216
full,0.5,10,1,24,24,5413.0,0.5723
full,0.5,10,1,25,25,5496.0,0.5229
full,0.5,10,1,26,26,5283.0,0.4945
full,0.5,10,1,27,27,5577.0,0.5238
full,0.5,10,1,28,28,4845.0,0.5241
full,0.5,10,1,29,29,5082.0,0.5204
full,0.5,10,3,0,0,50007.0,0.5936
full,0.5,10,3,1,1,51282.0,0.5949
full,0.5,10,3,2,2,53807.0,0.5922
full,0.5,10,3,3,3,52740.0,0.6064
full,0.5,10,3,4,4,56966.0,0.5938
full,0.5,10,3,5,5,52494.0,0.5904
full,0.5,10,3,6,6,49421.0,0.6022
full,0.5,10,3,7,7,49330.0,0.6613
full,0.5,10,3,8,8,47059.0,0.781
full,0.5,10,3,9,9,52187.0,0.7967
full,0.5,10,3,10,10,49490.0,0.7209
full,0.5,10,3,11,11,49710.0,0.703
full,0.5,10,3,12,12,47267.0,0.8511
full,0.5,10,3,13,13,50421.0,0.7057
full,0.5,10,3,14,14,50157.0,0.7413
full,0.5,10,3,15,15,47290.0,0.8094
full,0.5,10,3,16,16,50352.0,0.7625
full,0.5,10,3,17,17,45794.0,0.7309
full,0.5,10,3,18,18,53952.0,0.7459
full,0.5,10,3,19,19,50968.0,0.6007
full,0.5,10,3,20,20,55270.0,0.6296
full,0.5,10,3,21,21,53489.0,0.6266
full,0.5,10,3,22,22,52883.0,0.6144
full,0.5,10,3,23,23,48797.0,0.6185
full,0.5,10,3,24,24,55617.0,0.605
full,0.5,10,3,25,25,50062.0,0.5855
full,0.5,10,3,26,26,49530.0,0.6016
full,0.5,10,3,27,27,52565.0,0.5939
full,0.5,10,3,28,28,50983.0,0.61
full,0.5,10,3,29,29,49328.0,0.7117
full,0.5,10,5,0,0,212348.0,0.7809
full,0.5,10,5,1,1,209983.0,0.7487
full,0.5,10,5,2,2,209720.0,0.7549
full,0.5,10,5,3,3,207256.0,0.7436
full,0.5,10,5,4,4,216769.0,0.7321
full,0.5,10,5,5,5,212282.0,0.6572
full,0.5,10,5,6,6,217526.0,0.6113
full,0.5,10,5,7,7,216107.0,0.6116
full,0.5,10,5,8,8,208483.0,0.6122
full,0.5,10,5,9,9,225808.0,0.6116
full,0.5,10,5,10,10,220702.0,0.7577
full,0.5,10,5,11,11,218853.0,0.7743
full,0.5,10,5,12,12,220073.0,0.8035
full,0.5,10,5,13,13,206030.0,0.7704
full,0.5,10,5,14,14,209412.0,0.745
full,0.5,10,5,15,15,218200.0,0.7992
full,0.5,10,5,16,16,213244.0,0.611
full,0.5,10,5,17,17,214853.0,0.6061
full,0.5,10,5,18,18,209678.0,0.6043
full,0.5,10,5,19,19,208037.0,0.612
full,0.5,10,5,20,20,214792.0,0.6076
full,0.5,10,5,21,21,215325.0,0.7449
full,0.5,10,5,22,22,214417.0,0.7715
full,0.5,10,5,23,23,216825.0,0.7523
full,0.5,10,5,24,24,226346.0,0.7045
full,0.5,10,5,25,25,216267.0,0.7622
full,0.5,10,5,26,26,213224.0,0.6948
full,0.5,10,5,27,27,226784.0,0.5998
full,0.5,10,5,28,28,220127.0,0.5937
full,0.5,10,5,29,29,220992.0,0.5984
full,0.5,15,1,0,0,5687.0,0.572
full,0.5,15,1,1,1,5309.0,0.5731
full,0.5,15,1,2,2,6116.0,0.5454
full,0.5,15,1,3,3,5611.0,0.5634
full,0.5,15,1,4,4,6530.0,0.5812
full,0.5,15,1,5,5,5842.0,0.5622
full,0.5,15,1,6,6,5658.0,0.5633
full,0.5,15,1,7,7,5759.0,0.5534
full,0.5,15,1,8,8,5727.0,0.5588
full,0.5,15,1,9,9,6516.0,0.5676
full,0.5,15,1,10,10,5765.0,0.558
full,0.5,15,1,11,11,5703.0,0.5824
full,0.5,15,1,12,12,5257.0,0.5563
full,0.5,15,1,13,13,5604.0,0.5361
full,0.5,15,1,14,14,5260.0,0.8528
full,0.5,15,1,15,15,5718.0,0.6958
full,0.5,15,1,16,16,5425.0,0.7192
full,0.5,15,1,17,17,5591.0,0.7279
full,0.5,15,1,18,18,5816.0,0.7724
full,0.5,15,1,19,19,5388.0,0.6521
full,0.5,15,1,20,20,5585.0,0.6883
full,0.5,15,1,21,21,5119.0,0.6314
full,0.5,15,1,22,22,5863.0,0.6974
full,0.5,15,1,23,23,5399.0,0.8348
full,0.5,15,1,24,24,5506.0,0.7685
full,0.5,15,1,25,25,5444.0,0.7769
full,0.5,15,1,26,26,5676.0,0.7241
full,0.5,15,1,27,27,5902.0,0.6503
full,0.5,15,1,28,28,5529.0,0.6794
full,0.5,15,1,29,29,5237.0,0.6399
full,0.5,15,3,0,0,23321.0,0.7172
full,0.5,15,3,1,1,21072.0,0.7029
full,0.5,15,3,2,2,23716.0,0.7201
full,0.5,15,3,3,3,19729.0,0.7253
full,0.5,15,3,4,4,19967.0,0.5748
full,0.5,15,3,5,5,23525.0,0.8645
full,0.5,15,3,6,6,24470.0,0.7605
full,0.5,15,3,7,7,23013.0,0.714
full,0.5,15,3,8,8,21635.0,0.7279
full,0.5,15,3,9,9,19834.0,0.5556
full,0.5,15,3,10,10,19126.0,0.5527
full,0.5,15,3,11,11,22396.0,0.5674
full,0.5,15,3,12,12,22659.0,0.5515
full,0.5,15,3,13,13,23358.0,0.561
full,0.5,15,3,14,14,19956.0,0.5554
full,0.5,15,3,15,15,22821.0,0.5615
full,0.5,15,3,16,16,18998.0,0.5607
full,0.5,15,3,17,17,19903.0,0.5646
full,0.5,15,3,18,18,21100.0,0.5615
full,0.5,15,3,19,19,20720.0,0.559
full,0.5,15,3,20,20,19409.0,0.5528
full,0.5,15,3,21,21,21743.0,0.5503
full,0.5,15,3,22,22,22789.0,0.5451
full,0.5,15,3,23,23,21776.0,0.7016
full,0.5,15,3,24,24,19889.0,0.7669
full,0.5,15,3,25,25,21384.0,0.7704
full,0.5,15,3,26,26,18563.0,0.7603
full,0.5,15,3,27,27,22922.0,0.6273
full,0.5,15,3,28,28,21332.0,0.7977
full,0.5,15,3,29,29,21446.0,0.7359
full,0.5,15,5,0,0,42335.0,0.7721
full,0.5,15,5,1,1,38906.0,0.7703
full,0.5,15,5,2,2,39653.0,0.796
full,0.5,15,5,3,3,36002.0,0.6293
full,0.5,15,5,4,4,42312.0,0.6089
full,0.5,15,5,5,5,44606.0,0.6115
full,0.5,15,5,6,6,41954.0,0.6249
full,0.5,15,5,7,7,40992.0,0.603
full,0.5,15,5,8,8,42506.0,0.6742
full,0.5,15,5,9,9,42074.0,0.7488
full,0.5,15,5,10,10,42513.0,0.7563
full,0.5,15,5,11,11,41054.0,0.7731
full,0.5,15,5,12,12,39540.0,0.7677
full,0.5,15,5,13,13,37665.0,0.755
full,0.5,15,5,14,14,40315.0,0.6681
full,0.5,15,5,15,15,38082.0,0.6058
full,0.5,15,5,16,16,40109.0,0.597
full,0.5,15,5,17,17,38646.0,0.5909
full,0.5,15,5,18,18,37020.0,0.6062
full,0.5,15,5,19,19,41029.0,0.5843
full,0.5,15,5,20,20,39381.0,0.7691
full,0.5,15,5,21,21,39807.0,0.7666
full,0.5,15,5,22,22,39563.0,0.7662
full,0.5,15,5,23,23,36525.0,0.7712
full,0.5,15,5,24,24,39716.0,0.7894
full,0.5,15,5,25,25,44356.0,0.7364
full,0.5,15,5,26,26,36011.0,0.6134
full,0.5,15,5,27,27,39083.0,0.6037
full,0.5,15,5,28,28,39137.0,0.6051
full,0.5,15,5,29,29,38957.0,0.6124
full,0.5,20,1,0,0,8003.0,0.6056
full,0.5,20,1,1,1,7816.0,0.6011
full,0.5,20,1,2,2,7627.0,0.6031
full,0.5,20,1,3,3,7409.0,0.6038
full,0.5,20,1,4,4,7155.0,0.6009
full,0.5,20,1,5,5,7499.0,0.5658
full,0.5,20,1,6,6,7340.0,0.7548
full,0.5,20,1,7,7,7112.0,0.6435
full,0.5,20,1,8,8,7723.0,0.909
full,0.5,20,1,9,9,7990.0,0.9217
full,0.5,20,1,10,10,7630.0,0.6923
full,0.5,20,1,11,11,7520.0,0.6931
full,0.5,20,1,12,12,7745.0,0.7303
full,0.5,20,1,13,13,7732.0,0.7482
full,0.5,20,1,14,14,7378.0,0.8673
full,0.5,20,1,15,15,8043.0,0.8455
full,0.5,20,1,16,16,7103.0,0.8079
full,0.5,20,1,17,17,7409.0,0.7804
full,0.5,20,1,18,18,7188.0,0.6701
full,0.5,20,1,19,19,7021.0,0.7627
full,0.5,20,1,20,20,7470.0,0.8875
full,0.5,20,1,21,21,7574.0,0.8167
full,0.5,20,1,22,22,7949.0,0.6715
full,0.5,20,1,23,23,7671.0,0.7362
full,0.5,20,1,24,24,7504.0,0.7926
full,0.5,20,1,25,25,7474.0,0.8185
full,0.5,20,1,26,26,7731.0,0.8589
full,0.5,20,1,27,27,7676.0,0.7899
full,0.5,20,1,28,28,7482.0,0.6777
full,0.5,20,1,29,29,7750.0,0.6101
full,0.5,20,3,0,0,22527.0,0.6441
full,0.5,20,3,1,1,22331.0,0.6462
full,0.5,20,3,2,2,22099.0,0.6442
full,0.5,20,3,3,3,26494.0,0.6413
full,0.5,20,3,4,4,24454.0,0.634
full,0.5,20,3,5,5,20567.0,0.7955
full,0.5,20,3,6,6,23188.0,0.7945
full,0.5,20,3,7,7,31499.0,0.797
full,0.5,20,3,8,8,23402.0,0.8003
full,0.5,20,3,9,9,22902.0,0.805
full,0.5,20,3,10,10,27522.0,0.7829
full,0.5,20,3,11,11,27695.0,0.6543
full,0.5,20,3,12,12,23838.0,0.6347
full,0.5,20,3,13,13,26597.0,0.6405
full,0.5,20,3,14,14,23948.0,0.6373
full,0.5,20,3,15,15,25233.0,0.647
full,0.5,20,3,16,16,24713.0,0.7237
full,0.5,20,3,17,17,25109.0,0.7164
full,0.5,20,3,18,18,22944.0,0.8187
full,0.5,20,3,19,19,23604.0,0.8145
full,0.5,20,3,20,20,19821.0,0.7316
full,0.5,20,3,21,21,21804.0,0.8016
full,0.5,20,3,22,22,21873.0,0.754
full,0.5,20,3,23,23,21982.0,0.6402
full,0.5,20,3,24,24,21620.0,0.6513
full,0.5,20,3,25,25,23512.0,0.6465
full,0.5,20,3,26,26,21702.0,0.642
full,0.5,20,3,27,27,26282.0,0.637
full,0.5,20,3,28,28,25898.0,0.7998
full,0.5,20,3,29,29,26132.0,0.7882
full,0.5,20,5,0,0,22551.0,0.8415
full,0.5,20,5,1,1,22704.0,0.8263
full,0.5,20,5,2,2,22139.0,0.5843
full,0.5,20,5,3,3,22492.0,0.5126
full,0.5,20,5,4,4,22449.0,0.5262
full,0.5,20,5,5,5,22943.0,0.614
full,0.5,20,5,6,6,23074.0,0.6586
full,0.5,20,5,7,7,21937.0,0.6471
full,0.5,20,5,8,8,22539.0,0.7235
full,0.5,20,5,9,9,22781.0,0.7666
full,0.5,20,5,10,10,22238.0,0.7635
full,0.5,20,5,11,11,23236.0,0.706
full,0.5,20,5,12,12,22535.0,0.6966
full,0.5,20,5,13,13,23023.0,0.6989
full,0.5,20,5,14,14,22870.0,0.7029
full,0.5,20,5,15,15,22759.0,0.5986
full,0.5,20,5,16,16,22275.0,0.6008
full,0.5,20,5,17,17,22894.0,0.6433
full,0.5,20,5,18,18,22339.0,0.6669
full,0.5,20,5,19,19,22861.0,0.6597
full,0.5,20,5,20,20,22794.0,0.69
full,0.5,20,5,21,21,22607.0,0.7146
full,0.5,20,5,22,22,22340.0,0.6712
full,0.5,20,5,23,23,22248.0,0.5025
full,0.5,20,5,24,24,22236.0,0.5099
full,0.5,20,5,25,25,22553.0,0.51
full,0.5,20,5,26,26,22831.0,0.4995
full,0.5,20,5,27,27,22245.0,0.5133
full,0.5,20,5,28,28,22511.0,0.5025
full,0.5,20,5,29,29,22083.0,0.5091
full,1.0,10,1,0,0,2055.0,0.5832
full,1.0,10,1,1,1,1280.0,0.5945
full,1.0,10,1,2,2,1524.0,0.5935
full,1.0,10,1,3,3,1219.0,0.5898
full,1.0,10,1,4,4,1874.0,0.5904
full,1.0,10,1,5,5,1191.0,0.5843
full,1.0,10,1,6,6,1355.0,0.604
full,1.0,10,1,7,7,1523.0,0.5875
full,1.0,10,1,8,8,1391.0,0.5788
full,1.0,10,1,9,9,1667.0,0.5769
full,1.0,10,1,10,10,2174.0,0.5916
full,1.0,10,1,11,11,1766.0,0.5815
full,1.0,10,1,12,12,1205.0,0.5806
full,1.0,10,1,13,13,1468.0,0.5842
full,1.0,10,1,14,14,1571.0,0.5831
full,1.0,10,1,15,15,1271.0,0.5885
full,1.0,10,1,16,16,1999.0,0.5901
full,1.0,10,1,17,17,1376.0,0.5815
full,1.0,10,1,18,18,1544.0,0.5879
full,1.0,10,1,19,19,963.0,0.5448
full,1.0,10,1,20,20,2132.0,0.79
full,1.0,10,1,21,21,1532.0,0.7277
full,1.0,10,1,22,22,1858.0,0.7683
full,1.0,10,1,23,23,1771.0,0.7476
full,1.0,10,1,24,24,1637.0,0.7597
full,1.0,10,1,25,25,1509.0,0.7341
full,1.0,10,1,26,26,1644.0,0.831
full,1.0,10,1,27,27,1328.0,0.8196
full,1.0,10,1,28,28,1548.0,0.7659
full,1.0,10,1,29,29,2000.0,0.7777
full,1.0,10,3,0,0,28594.0,0.6746
full,1.0,10,3,1,1,30732.0,0.8002
full,1.0,10,3,2,2,30401.0,0.7341
full,1.0,10,3,3,3,28396.0,0.7533
full,1.0,10,3,4,4,31011.0,0.7163
full,1.0,10,3,5,5,30034.0,0.6852
full,1.0,10,3,6,6,30990.0,0.6313
full,1.0,10,3,7,7,31630.0,0.6219
full,1.0,10,3,8,8,29167.0,0.6111
full,1.0,10,3,9,9,32636.0,0.609
full,1.0,10,3,10,10,30430.0,0.6167
full,1.0,10,3,11,11,30268.0,0.5988
full,1.0,10,3,12,12,29485.0,0.5991
full,1.0,10,3,13,13,29743.0,0.7587
full,1.0,10,3,14,14,28349.0,0.7494
full,1.0,10,3,15,15,27521.0,0.767
full,1.0,10,3,16,16,30231.0,0.8021
full,1.0,10,3,17,17,29213.0,0.6856
full,1.0,10,3,18,18,31097.0,0.8356
full,1.0,10,3,19,19,25213.0,0.7144
full,1.0,10,3,20,20,29550.0,0.7636
full,1.0,10,3,21,21,29383.0,0.7159
full,1.0,10,3,22,22,32701.0,0.5988
full,1.0,10,3,23,23,29496.0,0.6039
full,1.0,10,3,24,24,30836.0,0.6077
full,1.0,10,3,25,25,24772.0,0.6076
full,1.0,10,3,26,26,28821.0,0.6054
full,1.0,10,3,27,27,34398.0,0.6127
full,1.0,10,3,28,28,28923.0,0.6085
full,1.0,10,3,29,29,31552.0,0.6548
full,1.0,10,5,0,0,20850.0,0.5696
full,1.0,10,5,1,1,23378.0,0.544
full,1.0,10,5,2,2,19973.0,0.5409
full,1.0,10,5,3,3,19126.0,0.7123
full,1.0,10,5,4,4,22589.0,0.7971
full,1.0,10,5,5,5,21969.0,0.7942
full,1.0,10,5,6,6,23827.0,0.6924
full,1.0,10,5,7,7,19553.0,0.5851
full,1.0,10,5,8,8,21927.0,0.6089
full,1.0,10,5,9,9,21942.0,0.6378
full,1.0,10,5,10,10,21987.0,0.6458
full,1.0,10,5,11,11,22575.0,0.6538
full,1.0,10,5,12,12,21694.0,0.6577
full,1.0,10,5,13,13,20241.0,0.6408
full,1.0,10,5,14,14,21724.0,0.6694
full,1.0,10,5,15,15,22466.0,0.6813
full,1.0,10,5,16,16,20942.0,0.7206
full,1.0,10,5,17,17,21100.0,0.7519
full,1.0,10,5,18,18,22642.0,0.6867
full,1.0,10,5,19,19,20664.0,0.6651
full,1.0,10,5,20,20,20141.0,0.6542
full,1.0,10,5,21,21,23034.0,0.6238
full,1.0,10,5,22,22,23328.0,0.6099
full,1.0,10,5,23,23,18868.0,0.6444
full,1.0,10,5,24,24,19553.0,0.4718
full,1.0,10,5,25,25,20985.0,0.635
full,1.0,10,5,26,26,21410.0,0.6428
full,1.0,10,5,27,27,21100.0,0.6593
full,1.0,10,5,28,28,21066.0,0.5664
full,1.0,10,5,29,29,20386.0,0.6094
full,1.0,15,1,0,0,481.0,0.648
full,1.0,15,1,1,1,713.0,0.6274
full,1.0,15,1,2,2,616.0,0.6221
full,1.0,15,1,3,3,672.0,0.6728
full,1.0,15,1,4,4,792.0,0.7011
full,1.0,15,1,5,5,706.0,0.6106
full,1.0,15,1,6,6,593.0,0.5398
full,1.0,15,1,7,7,858.0,0.5386
full,1.0,15,1,8,8,535.0,0.524
full,1.0,15,1,9,9,550.0,0.5035
full,1.0,15,1,10,10,516.0,0.5385
full,1.0,15,1,11,11,880.0,0.5268
full,1.0,15,1,12,12,725.0,0.5094
full,1.0,15,1,13,13,561.0,0.5289
full,1.0,15,1,14,14,764.0,0.5307
full,1.0,15,1,15,15,538.0,0.5224
full,1.0,15,1,16,16,739.0,0.5181
full,1.0,15,1,17,17,620.0,0.5263
full,1.0,15,1,18,18,671.0,0.5337
full,1.0,15,1,19,19,602.0,0.5071
full,1.0,15,1,20,20,631.0,0.5115
full,1.0,15,1,21,21,615.0,0.5417
full,1.0,15,1,22,22,658.0,0.5244
full,1.0,15,1,23,23,598.0,0.5171
full,1.0,15,1,24,24,832.0,0.5274
full,1.0,15,1,25,25,548.0,0.5281
full,1.0,15,1,26,26,594.0,0.503
full,1.0,15,1,27,27,669.0,0.5309
full,1.0,15,1,28,28,680.0,0.5279
full,1.0,15,1,29,29,627.0,0.5055
full,1.0,15,3,0,0,10869.0,0.6314
full,1.0,15,3,1,1,11239.0,0.6291
full,1.0,15,3,2,2,11907.0,0.6291
full,1.0,15,3,3,3,10558.0,0.6326
full,1.0,15,3,4,4,11598.0,0.7668
full,1.0,15,3,5,5,10524.0,0.6996
full,1.0,15,3,6,6,12299.0,0.7279
full,1.0,15,3,7,7,11133.0,0.7391
full,1.0,15,3,8,8,8854.0,0.7619
full,1.0,15,3,9,9,11123.0,0.7929
full,1.0,15,3,10,10,9240.0,0.7755
full,1.0,15,3,11,11,11556.0,0.6771
full,1.0,15,3,12,12,10793.0,0.6349
full,1.0,15,3,13,13,9650.0,0.642
full,1.0,15,3,14,14,9615.0,0.6343
full,1.0,15,3,15,15,10312.0,0.6432
full,1.0,15,3,16,16,8630.0,0.6361
full,1.0,15,3,17,17,9377.0,0.7323
full,1.0,15,3,18,18,11224.0,0.7984
full,1.0,15,3,19,19,8616.0,0.7873
full,1.0,15,3,20,20,11430.0,0.7422
full,1.0,15,3,21,21,11595.0,0.8336
full,1.0,15,3,22,22,10505.0,0.7657
full,1.0,15,3,23,23,10438.0,0.8217
full,1.0,15,3,24,24,12097.0,0.6571
full,1.0,15,3,25,25,10124.0,0.642
full,1.0,15,3,26,26,10874.0,0.6434
full,1.0,15,3,27,27,10076.0,0.6448
full,1.0,15,3,28,28,10113.0,0.6466
full,1.0,15,3,29,29,10607.0,0.6457
full,1.0,15,5,0,0,26405.0,0.8064
full,1.0,15,5,1,1,32980.0,0.8343
full,1.0,15,5,2,2,29738.0,0.7493
full,1.0,15,5,3,3,24274.0,0.695
full,1.0,15,5,4,4,27188.0,0.7778
full,1.0,15,5,5,5,25640.0,0.8305
full,1.0,15,5,6,6,27534.0,0.7703
full,1.0,15,5,7,7,28013.0,0.7047
full,1.0,15,5,8,8,27143.0,0.7771
full,1.0,15,5,9,9,26245.0,0.8408
full,1.0,15,5,10,10,27927.0,0.7716
full,1.0,15,5,11,11,31969.0,0.7083
full,1.0,15,5,12,12,28293.0,0.7833
full,1.0,15,5,13,13,23497.0,0.8379
full,1.0,15,5,14,14,23107.0,0.7651
full,1.0,15,5,15,15,22124.0,0.703
full,1.0,15,5,16,16,27070.0,0.7539
full,1.0,15,5,17,17,22030.0,0.8474
full,1.0,15,5,18,18,28946.0,0.7936
full,1.0,15,5,19,19,24428.0,0.6993
full,1.0,15,5,20,20,35119.0,0.7292
full,1.0,15,5,21,21,29245.0,0.8289
full,1.0,15,5,22,22,27328.0,0.8107
full,1.0,15,5,23,23,23766.0,0.7075
full,1.0,15,5,24,24,26769.0,0.7352
full,1.0,15,5,25,25,26636.0,0.8269
full,1.0,15,5,26,26,21078.0,0.7874
full,1.0,15,5,27,27,29001.0,0.7235
full,1.0,15,5,28,28,24978.0,0.7224
full,1.0,15,5,29,29,29999.0,0.8478
full,1.0,20,1,0,0,2432.0,0.6826
full,1.0,20,1,1,1,2406.0,0.676
full,1.0,20,1,2,2,2622.0,0.6647
full,1.0,20,1,3,3,2767.0,0.7374
full,1.0,20,1,4,4,2553.0,0.7848
full,1.0,20,1,5,5,2497.0,0.778
full,1.0,20,1,6,6,2510.0,0.7777
full,1.0,20,1,7,7,2669.0,0.7671
full,1.0,20,1,8,8,2526.0,0.7834
full,1.0,20,1,9,9,2383.0,0.759
full,1.0,20,1,10,10,2492.0,0.7579
full,1.0,20,1,11,11,2769.0,0.7539
full,1.0,20,1,12,12,2509.0,0.7841
full,1.0,20,1,13,13,2574.0,0.7505
full,1.0,20,1,14,14,2694.0,0.7454
full,1.0,20,1,15,15,2516.0,0.7008
full,1.0,20,1,16,16,2556.0,0.6155
full,1.0,20,1,17,17,2674.0,0.6144
full,1.0,20,1,18,18,2612.0,0.5913
full,1.0,20,1,19,19,2644.0,0.7877
full,1.0,20,1,20,20,2527.0,0.8673
full,1.0,20,1,21,21,2545.0,0.8627
full,1.0,20,1,22,22,2592.0,0.8576
full,1.0,20,1,23,23,2352.0,0.7843
full,1.0,20,1,24,24,2398.0,0.5959
full,1.0,20,1,25,25,2616.0,0.5435
full,1.0,20,1,26,26,2536.0,0.5544
full,1.0,20,1,27,27,2635.0,0.5489
full,1.0,20,1,28,28,2559.0,0.5665
full,1.0,20,1,29,29,2541.0,0.5555
full,1.0,20,3,0,0,1201.0,0.5423
full,1.0,20,3,1,1,1028.0,0.492
full,1.0,20,3,2,2,949.0,0.5082
full,1.0,20,3,3,3,975.0,0.4986
full,1.0,20,3,4,4,947.0,0.501
full,1.0,20,3,5,5,1195.0,0.5134
full,1.0,20,3,6,6,1328.0,0.5321
full,1.0,20,3,7,7,960.0,0.5415
full,1.0,20,3,8,8,937.0,0.4824
full,1.0,20,3,9,9,1052.0,0.4975
full,1.0,20,3,10,10,1148.0,0.4847
full,1.0,20,3,11,11,1023.0,0.5123
full,1.0,20,3,12,12,1156.0,0.5019
full,1.0,20,3,13,13,935.0,0.5774
full,1.0,20,3,14,14,871.0,0.5004
full,1.0,20,3,15,15,949.0,0.5546
full,1.0,20,3,16,16,1230.0,0.4962
full,1.0,20,3,17,17,1182.0,0.5013
full,1.0,20,3,18,18,815.0,0.5176
full,1.0,20,3,19,19,888.0,0.5075
full,1.0,20,3,20,20,1011.0,0.5426
full,1.0,20,3,21,21,958.0,0.545
full,1.0,20,3,22,22,886.0,0.5949
full,1.0,20,3,23,23,887.0,0.5397
full,1.0,20,3,24,24,898.0,0.5301
full,1.0,20,3,25,25,870.0,0.5282
full,1.0,20,3,26,26,1149.0,0.5227
full,1.0,20,3,27,27,1112.0,0.5346
full,1.0,20,3,28,28,947.0,0.5259
full,1.0,20,3,29,29,1084.0,0.548
full,1.0,20,5,0,0,10830.0,0.7326
full,1.0,20,5,1,1,14077.0,0.7739
full,1.0,20,5,2,2,12109.0,0.7871
full,1.0,20,5,3,3,9263.0,0.8018
full,1.0,20,5,4,4,12243.0,0.7119
full,1.0,20,5,5,5,8653.0,0.647
full,1.0,20,5,6,6,11550.0,0.6521
full,1.0,20,5,7,7,11192.0,0.7501
full,1.0,20,5,8,8,10553.0,0.76
full,1.0,20,5,9,9,11190.0,0.7589
full,1.0,20,5,10,10,11378.0,0.8205
full,1.0,20,5,11,11,11500.0,0.6523
full,1.0,20,5,12,12,9888.0,0.6567
full,1.0,20,5,13,13,9876.0,0.6546
full,1.0,20,5,14,14,10671.0,0.7771
full,1.0,20,5,15,15,9245.0,0.8096
full,1.0,20,5,16,16,10760.0,0.8071
full,1.0,20,5,17,17,11795.0,0.7198
full,1.0,20,5,18,18,12668.0,0.6555
full,1.0,20,5,19,19,10928.0,0.6635
full,1.0,20,5,20,20,12915.0,0.6966
full,1.0,20,5,21,21,11920.0,0.7949
full,1.0,20,5,22,22,9393.0,0.8097
full,1.0,20,5,23,23,10123.0,0.7972
full,1.0,20,5,24,24,8813.0,0.6809
full,1.0,20,5,25,25,10066.0,0.6483
full,1.0,20,5,26,26,11674.0,0.6491
full,1.0,20,5,27,27,12517.0,0.7798
full,1.0,20,5,28,28,11511.0,0.8053
full,1.0,20,5,29,29,11973.0,0.7979
full,1.5,10,1,0,0,0.0,0.8364
full,1.5,10,1,1,1,0.0,0.8243
full,1.5,10,1,2,2,0.0,0.8091
full,1.5,10,1,3,3,0.0,0.705
full,1.5,10,1,4,4,0.0,0.6365
full,1.5,10,1,5,5,0.0,0.6359
full,1.5,10,1,6,6,0.0,0.6316
full,1.5,10,1,7,7,0.0,0.6309
full,1.5,10,1,8,8,0.0,0.6321
full,1.5,10,1,9,9,0.0,0.6354
full,1.5,10,1,10,10,0.0,0.6316
full,1.5,10,1,11,11,0.0,0.6293
full,1.5,10,1,12,12,0.0,0.6228
full,1.5,10,1,13,13,0.0,0.6295
full,1.5,10,1,14,14,0.0,0.6408
full,1.5,10,1,15,15,0.0,0.627
full,1.5,10,1,16,16,0.0,0.6393
full,1.5,10,1,17,17,0.0,0.6257
full,1.5,10,1,18,18,0.0,0.7014
full,1.5,10,1,19,19,0.0,0.7782
full,1.5,10,1,20,20,0.0,0.7328
full,1.5,10,1,21,21,0.0,0.7311
full,1.5,10,1,22,22,0.0,0.9229
full,1.5,10,1,23,23,0.0,0.778
full,1.5,10,1,24,24,0.0,0.7415
full,1.5,10,1,25,25,0.0,0.7618
full,1.5,10,1,26,26,0.0,0.8209
full,1.5,10,1,27,27,0.0,0.8123
full,1.5,10,1,28,28,0.0,0.82
full,1.5,10,1,29,29,0.0,0.6966
full,1.5,10,3,0,0,16539.0,0.8181
full,1.5,10,3,1,1,14237.0,0.7154
full,1.5,10,3,2,2,13362.0,0.7654
full,1.5,10,3,3,3,12151.0,0.6153
full,1.5,10,3,4,4,13696.0,0.6153
full,1.5,10,3,5,5,14893.0,0.6153
full,1.5,10,3,6,6,12514.0,0.6163
full,1.5,10,3,7,7,12977.0,0.6096
full,1.5,10,3,8,8,13426.0,0.6038
full,1.5,10,3,9,9,11939.0,0.6049
full,1.5,10,3,10,10,12138.0,0.7251
full,1.5,10,3,11,11,14504.0,0.791
full,1.5,10,3,12,12,14621.0,0.7309
full,1.5,10,3,13,13,13499.0,0.825
full,1.5,10,3,14,14,14282.0,0.7632
full,1.5,10,3,15,15,16835.0,0.7915
full,1.5,10,3,16,16,13083.0,0.6783
full,1.5,10,3,17,17,13597.0,0.7797
full,1.5,10,3,18,18,13705.0,0.7086
full,1.5,10,3,19,19,14206.0,0.6095
full,1.5,10,3,20,20,15178.0,0.6043
full,1.5,10,3,21,21,14310.0,0.6096
full,1.5,10,3,22,22,16686.0,0.6089
full,1.5,10,3,23,23,12580.0,0.6119
full,1.5,10,3,24,24,14371.0,0.6123
full,1.5,10,3,25,25,11407.0,0.6131
full,1.5,10,3,26,26,11924.0,0.6647
full,1.5,10,3,27,27,14388.0,0.8117
full,1.5,10,3,28,28,12496.0,0.7964
full,1.5,10,3,29,29,13642.0,0.7007
full,1.5,10,5,0,0,4875.0,0.8576
full,1.5,10,5,1,1,3253.0,0.8472
full,1.5,10,5,2,2,4564.0,0.7809
full,1.5,10,5,3,3,4753.0,0.586
full,1.5,10,5,4,4,3592.0,0.5982
full,1.5,10,5,5,5,2922.0,0.6158
full,1.5,10,5,6,6,2789.0,0.5961
full,1.5,10,5,7,7,3678.0,0.601
full,1.5,10,5,8,8,3068.0,0.5897
full,1.5,10,5,9,9,4851.0,0.6106
full,1.5,10,5,10,10,4226.0,0.7223
full,1.5,10,5,11,11,5068.0,0.7217
full,1.5,10,5,12,12,4661.0,0.723
full,1.5,10,5,13,13,4808.0,0.7133
full,1.5,10,5,14,14,2628.0,0.6902
full,1.5,10,5,15,15,4438.0,0.7057
full,1.5,10,5,16,16,3836.0,0.7054
full,1.5,10,5,17,17,4165.0,0.5399
full,1.5,10,5,18,18,3748.0,0.5711
full,1.5,10,5,19,19,3740.0,0.5522
full,1.5,10,5,20,20,4449.0,0.6513
full,1.5,10,5,21,21,2942.0,0.7638
full,1.5,10,5,22,22,4032.0,0.5793
full,1.5,10,5,23,23,3041.0,0.4886
full,1.5,10,5,24,24,4379.0,0.5105
full,1.5,10,5,25,25,3644.0,0.4833
full,1.5,10,5,26,26,5341.0,0.5117
full,1.5,10,5,27,27,4655.0,0.4862
full,1.5,10,5,28,28,3728.0,0.5009
full,1.5,10,5,29,29,5114.0,0.5137
full,1.5,15,1,0,0,0.0,0.6004
full,1.5,15,1,1,1,0.0,0.6115
full,1.5,15,1,2,2,0.0,0.616
full,1.5,15,1,3,3,0.0,0.609
full,1.5,15,1,4,4,0.0,0.6112
full,1.5,15,1,5,5,0.0,0.5945
full,1.5,15,1,6,6,0.0,0.602
full,1.5,15,1,7,7,0.0,0.6046
full,1.5,15,1,8,8,0.0,0.588
full,1.5,15,1,9,9,0.0,0.5915
full,1.5,15,1,10,10,0.0,0.6054
full,1.5,15,1,11,11,0.0,0.6054
full,1.5,15,1,12,12,0.0,0.6041
full,1.5,15,1,13,13,0.0,0.6063
full,1.5,15,1,14,14,0.0,0.6051
full,1.5,15,1,15,15,0.0,0.612
full,1.5,15,1,16,16,0.0,0.5733
full,1.5,15,1,17,17,0.0,0.6467
full,1.5,15,1,18,18,0.0,0.8427
full,1.5,15,1,19,19,0.0,0.8766
full,1.5,15,1,20,20,0.0,0.7714
full,1.5,15,1,21,21,0.0,0.7336
full,1.5,15,1,22,22,0.0,0.7443
full,1.5,15,1,23,23,0.0,0.8203
full,1.5,15,1,24,24,0.0,0.8103
full,1.5,15,1,25,25,0.0,0.8158
full,1.5,15,1,26,26,0.0,0.7764
full,1.5,15,1,27,27,0.0,0.7748
full,1.5,15,1,28,28,0.0,0.7493
full,1.5,15,1,29,29,0.0,0.7116
full,1.5,15,3,0,0,319.0,0.8108
full,1.5,15,3,1,1,232.0,0.7534
full,1.5,15,3,2,2,251.0,0.7832
full,1.5,15,3,3,3,195.0,0.6935
full,1.5,15,3,4,4,121.0,0.6477
full,1.5,15,3,5,5,482.0,0.6442
full,1.5,15,3,6,6,180.0,0.6494
full,1.5,15,3,7,7,183.0,0.6453
full,1.5,15,3,8,8,438.0,0.6358
full,1.5,15,3,9,9,89.0,0.6923
full,1.5,15,3,10,10,105.0,0.7951
full,1.5,15,3,11,11,243.0,0.7453
full,1.5,15,3,12,12,169.0,0.8012
full,1.5,15,3,13,13,274.0,0.7318
full,1.5,15,3,14,14,153.0,0.7998
full,1.5,15,3,15,15,202.0,0.7757
full,1.5,15,3,16,16,380.0,0.7371
full,1.5,15,3,17,17,300.0,0.641
full,1.5,15,3,18,18,410.0,0.65
full,1.5,15,3,19,19,276.0,0.6457
full,1.5,15,3,20,20,542.0,0.6442
full,1.5,15,3,21,21,230.0,0.6447
full,1.5,15,3,22,22,388.0,0.7037
full,1.5,15,3,23,23,83.0,0.7311
full,1.5,15,3,24,24,90.0,0.8089
full,1.5,15,3,25,25,322.0,0.818
full,1.5,15,3,26,26,27.0,0.7549
full,1.5,15,3,27,27,172.0,0.7967
full,1.5,15,3,28,28,69.0,0.7365
full,1.5,15,3,29,29,947.0,0.7613
full,1.5,15,5,0,0,18873.0,0.6769
full,1.5,15,5,1,1,16285.0,0.6599
full,1.5,15,5,2,2,18620.0,0.6559
full,1.5,15,5,3,3,15758.0,0.7885
full,1.5,15,5,4,4,16343.0,0.7893
full,1.5,15,5,5,5,15088.0,0.7902
full,1.5,15,5,6,6,14423.0,0.7516
full,1.5,15,5,7,7,15763.0,0.6562
full,1.5,15,5,8,8,16642.0,0.6494
full,1.5,15,5,9,9,24640.0,0.6507
full,1.5,15,5,10,10,17986.0,0.7662
full,1.5,15,5,11,11,15348.0,0.7573
full,1.5,15,5,12,12,18126.0,0.7458
full,1.5,15,5,13,13,13614.0,0.8066
full,1.5,15,5,14,14,15176.0,0.6549
full,1.5,15,5,15,15,17912.0,0.6606
full,1.5,15,5,16,16,14805.0,0.6608
full,1.5,15,5,17,17,15290.0,0.7892
full,1.5,15,5,18,18,15745.0,0.799
full,1.5,15,5,19,19,13906.0,0.7851
full,1.5,15,5,20,20,27180.0,0.8167
full,1.5,15,5,21,21,15797.0,0.706
full,1.5,15,5,22,22,18241.0,0.6715
full,1.5,15,5,23,23,15476.0,0.6729
full,1.5,15,5,24,24,16333.0,0.755
full,1.5,15,5,25,25,18466.0,0.8072
full,1.5,15,5,26,26,16460.0,0.794
full,1.5,15,5,27,27,18776.0,0.789
full,1.5,15,5,28,28,18998.0,0.6855
full,1.5,15,5,29,29,19593.0,0.6587
full,1.5,20,1,0,0,257.0,0.543
full,1.5,20,1,1,1,132.0,0.5663
full,1.5,20,1,2,2,282.0,0.5463
full,1.5,20,1,3,3,294.0,0.5752
full,1.5,20,1,4,4,584.0,0.5494
full,1.5,20,1,5,5,223.0,0.5695
full,1.5,20,1,6,6,214.0,0.5435
full,1.5,20,1,7,7,139.0,0.5707
full,1.5,20,1,8,8,203.0,0.5334
full,1.5,20,1,9,9,189.0,0.5707
full,1.5,20,1,10,10,494.0,0.5397
full,1.5,20,1,11,11,255.0,0.5603
full,1.5,20,1,12,12,111.0,0.5335
full,1.5,20,1,13,13,108.0,0.5521
full,1.5,20,1,14,14,50.0,0.5433
full,1.5,20,1,15,15,292.0,0.5446
full,1.5,20,1,16,16,246.0,0.5601
full,1.5,20,1,17,17,212.0,0.5662
full,1.5,20,1,18,18,743.0,0.5437
full,1.5,20,1,19,19,227.0,0.5102
full,1.5,20,1,20,20,318.0,0.8453
full,1.5,20,1,21,21,101.0,0.6939
full,1.5,20,1,22,22,96.0,0.6446
full,1.5,20,1,23,23,383.0,0.6887
full,1.5,20,1,24,24,426.0,0.7748
full,1.5,20,1,25,25,512.0,0.7684
full,1.5,20,1,26,26,330.0,0.8131
full,1.5,20,1,27,27,245.0,0.7487
full,1.5,20,1,28,28,276.0,0.7992
full,1.5,20,1,29,29,627.0,0.7759
full,1.5,20,3,0,0,1369.0,0.5822
full,1.5,20,3,1,1,1510.0,0.5817
full,1.5,20,3,2,2,1542.0,0.592
full,1.5,20,3,3,3,1847.0,0.6053
full,1.5,20,3,4,4,1625.0,0.7508
full,1.5,20,3,5,5,1369.0,0.8303
full,1.5,20,3,6,6,1486.0,0.8456
full,1.5,20,3,7,7,1376.0,0.8402
full,1.5,20,3,8,8,1297.0,0.6009
full,1.5,20,3,9,9,1473.0,0.5886
full,1.5,20,3,10,10,1380.0,0.6008
full,1.5,20,3,11,11,1801.0,0.5727
full,1.5,20,3,12,12,1212.0,0.6441
full,1.5,20,3,13,13,1607.0,0.6605
full,1.5,20,3,14,14,1295.0,0.6803
full,1.5,20,3,15,15,1443.0,0.6699
full,1.5,20,3,16,16,1510.0,0.7541
full,1.5,20,3,17,17,1291.0,0.7521
full,1.5,20,3,18,18,1658.0,0.7384
full,1.5,20,3,19,19,1188.0,0.7412
full,1.5,20,3,20,20,1316.0,0.6938
full,1.5,20,3,21,21,1681.0,0.6834
full,1.5,20,3,22,22,1520.0,0.6848
full,1.5,20,3,23,23,1289.0,0.631
full,1.5,20,3,24,24,1394.0,0.5392
full,1.5,20,3,25,25,1545.0,0.5088
full,1.5,20,3,26,26,1601.0,0.5141
full,1.5,20,3,27,27,1658.0,0.6707
full,1.5,20,3,28,28,1615.0,0.841
full,1.5,20,3,29,29,1451.0,0.8417
full,1.5,20,5,0,0,3958.0,0.795
full,1.5,20,5,1,1,4052.0,0.5306
full,1.5,20,5,2,2,3992.0,0.5056
full,1.5,20,5,3,3,4223.0,0.513
full,1.5,20,5,4,4,4020.0,0.5205
full,1.5,20,5,5,5,4077.0,0.5177
full,1.5,20,5,6,6,4101.0,0.5192
full,1.5,20,5,7,7,4065.0,0.5201
full,1.5,20,5,8,8,4055.0,0.5114
full,1.5,20,5,9,9,4073.0,0.5172
full,1.5,20,5,10,10,4079.0,0.515
full,1.5,20,5,11,11,4030.0,0.5078
full,1.5,20,5,12,12,3959.0,0.508
full,1.5,20,5,13,13,3945.0,0.5096
full,1.5,20,5,14,14,4135.0,0.5188
full,1.5,20,5,15,15,4007.0,0.5064
full,1.5,20,5,16,16,4104.0,0.5126
full,1.5,20,5,17,17,4052.0,0.5059
full,1.5,20,5,18,18,4163.0,0.4984
full,1.5,20,5,19,19,4097.0,0.5052
full,1.5,20,5,20,20,4129.0,0.5096
full,1.5,20,5,21,21,4125.0,0.5038
full,1.5,20,5,22,22,4332.0,0.4948
full,1.5,20,5,23,23,4120.0,0.5062
full,1.5,20,5,24,24,4055.0,0.5043
full,1.5,20,5,25,25,4166.0,0.5079
full,1.5,20,5,26,26,3907.0,0.5004
full,1.5,20,5,27,27,3993.0,0.4747
full,1.5,20,5,28,28,4182.0,0.7039
full,1.5,20,5,29,29,4070.0,0.8514
nr,0.5,10,1,0,0,8261.0,0.4336
nr,0.5,10,1,1,1,8917.0,0.4301
nr,0.5,10,1,2,2,8609.0,0.4353
nr,0.5,10,1,3,3,8963.0,0.4424
nr,0.5,10,1,4,4,8532.0,0.428
nr,0.5,10,1,5,5,8541.0,0.4314
nr,0.5,10,1,6,6,8682.0,0.4328
nr,0.5,10,1,7,7,8531.0,0.4394
nr,0.5,10,1,8,8,9057.0,0.4334
nr,0.5,10,1,9,9,9073.0,0.4298
nr,0.5,10,1,10,10,8902.0,0.4747
nr,0.5,10,1,11,11,8333.0,0.4639
nr,0.5,10,1,12,12,8747.0,0.4517
nr,0.5,10,1,13,13,8547.0,0.4446
nr,0.5,10,1,14,14,8413.0,0.4667
nr,0.5,10,1,15,15,8885.0,0.4509
nr,0.5,10,1,16,16,8815.0,0.43
nr,0.5,10,1,17,17,8468.0,0.4375
nr,0.5,10,1,18,18,8632.0,0.436
nr,0.5,10,1,19,19,9054.0,0.4421
nr,0.5,10,1,20,20,8783.0,0.4358
nr,0.5,10,1,21,21,8947.0,0.43
nr,0.5,10,1,22,22,9110.0,0.432
nr,0.5,10,1,23,23,9009.0,0.4329
nr,0.5,10,1,24,24,8166.0,0.4264
nr,0.5,10,1,25,25,8812.0,0.4244
nr,0.5,10,1,26,26,8932.0,0.4171
nr,0.5,10,1,27,27,8922.0,0.4194
nr,0.5,10,1,28,28,8944.0,0.4208
nr,0.5,10,1,29,29,9365.0,0.4628
nr,0.5,10,3,0,0,152632.0,0.4943
nr,0.5,10,3,1,1,149305.0,0.4876
nr,0.5,10,3,2,2,157195.0,0.4799
nr,0.5,10,3,3,3,157673.0,0.4717
nr,0.5,10,3,4,4,163828.0,0.4662
nr,0.5,10,3,5,5,152597.0,0.4743
nr,0.5,10,3,6,6,151112.0,0.4549
nr,0.5,10,3,7,7,149344.0,0.4624
nr,0.5,10,3,8,8,154972.0,0.457
nr,0.5,10,3,9,9,150694.0,0.4589
nr,0.5,10,3,10,10,150975.0,0.4618
nr,0.5,10,3,11,11,153107.0,0.4604
nr,0.5,10,3,12,12,154158.0,0.4637
nr,0.5,10,3,13,13,150989.0,0.4615
nr,0.5,10,3,14,14,152752.0,0.4674
nr,0.5,10,3,15,15,155519.0,0.4645
nr,0.5,10,3,16,16,160545.0,0.4604
nr,0.5,10,3,17,17,154198.0,0.4619
nr,0.5,10,3,18,18,158295.0,0.4687
nr,0.5,10,3,19,19,154014.0,0.4628
nr,0.5,10,3,20,20,157165.0,0.4711
nr,0.5,10,3,21,21,154960.0,0.4614
nr,0.5,10,3,22,22,157504.0,0.4692
nr,0.5,10,3,23,23,159760.0,0.4715
nr,0.5,10,3,24,24,157593.0,0.4718
nr,0.5,10,3,25,25,154344.0,0.4587
nr,0.5,10,3,26,26,162567.0,0.4687
nr,0.5,10,3,27,27,148170.0,0.4699
nr,0.5,10,3,28,28,153884.0,0.4682
nr,0.5,10,3,29,29,156252.0,0.4709
nr,0.5,10,5,0,0,494719.0,0.477
nr,0.5,10,5,1,1,487223.0,0.4768
nr,0.5,10,5,2,2,479344.0,0.4767
nr,0.5,10,5,3,3,501312.0,0.4783
nr,0.5,10,5,4,4,487377.0,0.4788
nr,0.5,10,5,5,5,480388.0,0.4785
nr,0.5,10,5,6,6,478956.0,0.4809
nr,0.5,10,5,7,7,490494.0,0.4804
nr,0.5,10,5,8,8,502197.0,0.4814
nr,0.5,10,5,9,9,486104.0,0.4786
nr,0.5,10,5,10,10,489184.0,0.4761
nr,0.5,10,5,11,11,492042.0,0.4788
nr,0.5,10,5,12,12,493697.0,0.4813
nr,0.5,10,5,13,13,486853.0,0.4824
nr,0.5,10,5,14,14,495332.0,0.4823
nr,0.5,10,5,15,15,488691.0,0.4798
nr,0.5,10,5,16,16,494428.0,0.4786
nr,0.5,10,5,17,17,488987.0,0.4803
nr,0.5,10,5,18,18,484179.0,0.4752
nr,0.5,10,5,19,19,493216.0,0.4738
nr,0.5,10,5,20,20,485034.0,0.4733
nr,0.5,10,5,21,21,483685.0,0.4695
nr,0.5,10,5,22,22,487208.0,0.4734
nr,0.5,10,5,23,23,483291.0,0.4671
nr,0.5,10,5,24,24,494430.0,0.4675
nr,0.5,10,5,25,25,494793.0,0.4645
nr,0.5,10,5,26,26,495225.0,0.466
nr,0.5,10,5,27,27,487108.0,0.4641
nr,0.5,10,5,28,28,487841.0,0.4723
nr,0.5,10,5,29,29,483542.0,0.4739
nr,0.5,15,1,0,0,12837.0,0.4463
nr,0.5,15,1,1,1,13077.0,0.4385
nr,0.5,15,1,2,2,12504.0,0.4582
nr,0.5,15,1,3,3,12995.0,0.4693
nr,0.5,15,1,4,4,12490.0,0.4592
nr,0.5,15,1,5,5,13064.0,0.4631
nr,0.5,15,1,6,6,13411.0,0.4678
nr,0.5,15,1,7,7,12885.0,0.4649
nr,0.5,15,1,8,8,12258.0,0.4558
nr,0.5,15,1,9,9,12720.0,0.4593
nr,0.5,15,1,10,10,12782.0,0.4588
nr,0.5,15,1,11,11,13333.0,0.4599
nr,0.5,15,1,12,12,12815.0,0.4614
nr,0.5,15,1,13,13,12391.0,0.4569
nr,0.5,15,1,14,14,13128.0,0.4614
nr,0.5,15,1,15,15,12395.0,0.4594
nr,0.5,15,1,16,16,13262.0,0.4571
nr,0.5,15,1,17,17,13117.0,0.462
nr,0.5,15,1,18,18,13428.0,0.4624
nr,0.5,15,1,19,19,13565.0,0.4624
nr,0.5,15,1,20,20,12663.0,0.4609
nr,0.5,15,1,21,21,12932.0,0.4535
nr,0.5,15,1,22,22,13188.0,0.4672
nr,0.5,15,1,23,23,12949.0,0.469
nr,0.5,15,1,24,24,12638.0,0.4623
nr,0.5,15,1,25,25,12876.0,0.4653
nr,0.5,15,1,26,26,12990.0,0.458
nr,0.5,15,1,27,27,12429.0,0.463
nr,0.5,15,1,28,28,13008.0,0.4598
nr,0.5,15,1,29,29,13080.0,0.447
nr,0.5,15,3,0,0,72134.0,0.4609
nr,0.5,15,3,1,1,68610.0,0.4674
nr,0.5,15,3,2,2,68434.0,0.4669
nr,0.5,15,3,3,3,70434.0,0.468
nr,0.5,15,3,4,4,69278.0,0.4476
nr,0.5,15,3,5,5,71611.0,0.456
nr,0.5,15,3,6,6,72476.0,0.4625
nr,0.5,15,3,7,7,71008.0,0.467
nr,0.5,15,3,8,8,70068.0,0.4683
nr,0.5,15,3,9,9,69955.0,0.4646
nr,0.5,15,3,10,10,70885.0,0.4658
nr,0.5,15,3,11,11,72660.0,0.4666
nr,0.5,15,3,12,12,73803.0,0.4583
nr,0.5,15,3,13,13,70953.0,0.4627
nr,0.5,15,3,14,14,71503.0,0.4646
nr,0.5,15,3,15,15,71963.0,0.4761
nr,0.5,15,3,16,16,68153.0,0.4774
nr,0.5,15,3,17,17,67342.0,0.4666
nr,0.5,15,3,18,18,72702.0,0.4642
nr,0.5,15,3,19,19,66679.0,0.4664
nr,0.5,15,3,20,20,71349.0,0.4681
nr,0.5,15,3,21,21,69625.0,0.4642
nr,0.5,15,3,22,22,67065.0,0.4668
nr,0.5,15,3,23,23,65163.0,0.4647
nr,0.5,15,3,24,24,71458.0,0.4703
nr,0.5,15,3,25,25,68796.0,0.4599
nr,0.5,15,3,26,26,71304.0,0.4658
nr,0.5,15,3,27,27,70270.0,0.4617
nr,0.5,15,3,28,28,71767.0,0.4632
nr,0.5,15,3,29,29,70390.0,0.461
nr,0.5,15,5,0,0,267971.0,0.4954
nr,0.5,15,5,1,1,269696.0,0.492
nr,0.5,15,5,2,2,267168.0,0.4966
nr,0.5,15,5,3,3,262922.0,0.4917
nr,0.5,15,5,4,4,262544.0,0.4949
nr,0.5,15,5,5,5,269047.0,0.4875
nr,0.5,15,5,6,6,271250.0,0.4881
nr,0.5,15,5,7,7,269953.0,0.4882
nr,0.5,15,5,8,8,276321.0,0.4897
nr,0.5,15,5,9,9,264225.0,0.484
nr,0.5,15,5,10,10,270018.0,0.4889
nr,0.5,15,5,11,11,260085.0,0.4879
nr,0.5,15,5,12,12,269178.0,0.4896
nr,0.5,15,5,13,13,256654.0,0.4872
nr,0.5,15,5,14,14,266858.0,0.4846
nr,0.5,15,5,15,15,276709.0,0.4877
nr,0.5,15,5,16,16,264936.0,0.4828
nr,0.5,15,5,17,17,258732.0,0.4828
nr,0.5,15,5,18,18,262928.0,0.4842
nr,0.5,15,5,19,19,266560.0,0.4862
nr,0.5,15,5,20,20,268022.0,0.4867
nr,0.5,15,5,21,21,267388.0,0.4859
nr,0.5,15,5,22,22,267714.0,0.4845
nr,0.5,15,5,23,23,265897.0,0.4848
nr,0.5,15,5,24,24,259267.0,0.4909
nr,0.5,15,5,25,25,257052.0,0.4943
nr,0.5,15,5,26,26,269620.0,0.4931
nr,0.5,15,5,27,27,268968.0,0.488
nr,0.5,15,5,28,28,272173.0,0.4897
nr,0.5,15,5,29,29,261064.0,0.4928
nr,0.5,20,1,0,0,13430.0,0.4965
nr,0.5,20,1,1,1,12970.0,0.4981
nr,0.5,20,1,2,2,13683.0,0.4912
nr,0.5,20,1,3,3,13695.0,0.4925
nr,0.5,20,1,4,4,13083.0,0.4877
nr,0.5,20,1,5,5,12504.0,0.4914
nr,0.5,20,1,6,6,12328.0,0.4976
nr,0.5,20,1,7,7,12007.0,0.4994
nr,0.5,20,1,8,8,14009.0,0.4969
nr,0.5,20,1,9,9,13305.0,0.4922
nr,0.5,20,1,10,10,13373.0,0.499
nr,0.5,20,1,11,11,13385.0,0.4961
nr,0.5,20,1,12,12,12917.0,0.4995
nr,0.5,20,1,13,13,13218.0,0.4962
nr,0.5,20,1,14,14,12715.0,0.493
nr,0.5,20,1,15,15,12930.0,0.4924
nr,0.5,20,1,16,16,12616.0,0.4904
nr,0.5,20,1,17,17,13031.0,0.4897
nr,0.5,20,1,18,18,13449.0,0.4906
nr,0.5,20,1,19,19,12613.0,0.4935
nr,0.5,20,1,20,20,13117.0,0.4911
nr,0.5,20,1,21,21,12944.0,0.4904
nr,0.5,20,1,22,22,12473.0,0.4944
nr,0.5,20,1,23,23,12941.0,0.4936
nr,0.5,20,1,24,24,12868.0,0.4869
nr,0.5,20,1,25,25,13369.0,0.4952
nr,0.5,20,1,26,26,13027.0,0.4918
nr,0.5,20,1,27,27,12909.0,0.5033
nr,0.5,20,1,28,28,12380.0,0.4866
nr,0.5,20,1,29,29,13527.0,0.4863
nr,0.5,20,3,0,0,98075.0,0.5235
nr,0.5,20,3,1,1,95433.0,0.5266
nr,0.5,20,3,2,2,97488.0,0.5255
nr,0.5,20,3,3,3,88065.0,0.5168
nr,0.5,20,3,4,4,97877.0,0.5174
nr,0.5,20,3,5,5,99511.0,0.5133
nr,0.5,20,3,6,6,95427.0,0.5178
nr,0.5,20,3,7,7,95685.0,0.5185
nr,0.5,20,3,8,8,99983.0,0.5157
nr,0.5,20,3,9,9,97460.0,0.5073
nr,0.5,20,3,10,10,98833.0,0.5222
nr,0.5,20,3,11,11,93351.0,0.5155
nr,0.5,20,3,12,12,100229.0,0.5113
nr,0.5,20,3,13,13,92031.0,0.513
nr,0.5,20,3,14,14,101887.0,0.5193
nr,0.5,20,3,15,15,98289.0,0.5079
nr,0.5,20,3,16,16,93711.0,0.5123
nr,0.5,20,3,17,17,95655.0,0.5129
nr,0.5,20,3,18,18,97649.0,0.5107
nr,0.5,20,3,19,19,96737.0,0.5171
nr,0.5,20,3,20,20,99899.0,0.5153
nr,0.5,20,3,21,21,97945.0,0.5195
nr,0.5,20,3,22,22,93759.0,0.5226
nr,0.5,20,3,23,23,96416.0,0.5199
nr,0.5,20,3,24,24,95351.0,0.5264
nr,0.5,20,3,25,25,94434.0,0.5325
nr,0.5,20,3,26,26,97259.0,0.5252
nr,0.5,20,3,27,27,94176.0,0.5239
nr,0.5,20,3,28,28,95843.0,0.5237
nr,0.5,20,3,29,29,97143.0,0.5278
nr,0.5,20,5,0,0,32765.0,0.4312
nr,0.5,20,5,1,1,28361.0,0.4246
nr,0.5,20,5,2,2,32710.0,0.4273
nr,0.5,20,5,3,3,29281.0,0.4276
nr,0.5,20,5,4,4,31442.0,0.4243
nr,0.5,20,5,5,5,34499.0,0.4279
nr,0.5,20,5,6,6,30578.0,0.4225
nr,0.5,20,5,7,7,31390.0,0.4204
nr,0.5,20,5,8,8,32054.0,0.4236
nr,0.5,20,5,9,9,34265.0,0.4215
nr,0.5,20,5,10,10,29015.0,0.4215
nr,0.5,20,5,11,11,29229.0,0.4256
nr,0.5,20,5,12,12,32500.0,0.4217
nr,0.5,20,5,13,13,27703.0,0.4231
nr,0.5,20,5,14,14,32038.0,0.4237
nr,0.5,20,5,15,15,33156.0,0.4231
nr,0.5,20,5,16,16,30238.0,0.4228
nr,0.5,20,5,17,17,28586.0,0.4242
nr,0.5,20,5,18,18,31069.0,0.423
nr,0.5,20,5,19,19,29513.0,0.4291
nr,0.5,20,5,20,20,28571.0,0.4246
nr,0.5,20,5,21,21,33572.0,0.423
nr,0.5,20,5,22,22,31441.0,0.4278
nr,0.5,20,5,23,23,27601.0,0.4223
nr,0.5,20,5,24,24,29335.0,0.4232
nr,0.5,20,5,25,25,31544.0,0.4224
nr,0.5,20,5,26,26,29741.0,0.4189
nr,0.5,20,5,27,27,31304.0,0.4245
nr,0.5,20,5,28,28,30313.0,0.4244
nr,0.5,20,5,29,29,31180.0,0.4236
nr,1.0,10,1,0,0,12790.0,0.4853
nr,1.0,10,1,1,1,13301.0,0.4753
nr,1.0,10,1,2,2,12038.0,0.4839
nr,1.0,10,1,3,3,11834.0,0.4913
nr,1.0,10,1,4,4,10544.0,0.4814
nr,1.0,10,1,5,5,12244.0,0.4824
nr,1.0,10,1,6,6,11201.0,0.4828
nr,1.0,10,1,7,7,11356.0,0.477
nr,1.0,10,1,8,8,11294.0,0.472
nr,1.0,10,1,9,9,12437.0,0.4689
nr,1.0,10,1,10,10,11170.0,0.4674
nr,1.0,10,1,11,11,11168.0,0.4678
nr,1.0,10,1,12,12,12317.0,0.4774
nr,1.0,10,1,13,13,11225.0,0.4779
nr,1.0,10,1,14,14,12072.0,0.4838
nr,1.0,10,1,15,15,11715.0,0.4752
nr,1.0,10,1,16,16,12074.0,0.4606
nr,1.0,10,1,17,17,11510.0,0.4707
nr,1.0,10,1,18,18,11931.0,0.4732
nr,1.0,10,1,19,19,10982.0,0.4729
nr,1.0,10,1,20,20,10864.0,0.481
nr,1.0,10,1,21,21,10858.0,0.4725
nr,1.0,10,1,22,22,11923.0,0.4741
nr,1.0,10,1,23,23,11752.0,0.476
nr,1.0,10,1,24,24,11531.0,0.4737
nr,1.0,10,1,25,25,12128.0,0.4737
nr,1.0,10,1,26,26,11339.0,0.4772
nr,1.0,10,1,27,27,10389.0,0.4797
nr,1.0,10,1,28,28,11327.0,0.4781
nr,1.0,10,1,29,29,12004.0,0.4818
nr,1.0,10,3,0,0,160171.0,0.4795
nr,1.0,10,3,1,1,158182.0,0.4752
nr,1.0,10,3,2,2,164858.0,0.4794
nr,1.0,10,3,3,3,157334.0,0.474
nr,1.0,10,3,4,4,160023.0,0.4739
nr,1.0,10,3,5,5,163268.0,0.4733
nr,1.0,10,3,6,6,159314.0,0.4779
nr,1.0,10,3,7,7,164716.0,0.4694
nr,1.0,10,3,8,8,165795.0,0.4747
nr,1.0,10,3,9,9,156651.0,0.4729
nr,1.0,10,3,10,10,155500.0,0.4773
nr,1.0,10,3,11,11,151307.0,0.4764
nr,1.0,10,3,12,12,157197.0,0.4762
nr,1.0,10,3,13,13,159117.0,0.4778
nr,1.0,10,3,14,14,161519.0,0.4761
nr,1.0,10,3,15,15,163014.0,0.4754
nr,1.0,10,3,16,16,161350.0,0.4697
nr,1.0,10,3,17,17,151216.0,0.4786
nr,1.0,10,3,18,18,152921.0,0.478
nr,1.0,10,3,19,19,158416.0,0.4886
nr,1.0,10,3,20,20,165953.0,0.4823
nr,1.0,10,3,21,21,155592.0,0.4835
nr,1.0,10,3,22,22,163613.0,0.4907
nr,1.0,10,3,23,23,162088.0,0.4895
nr,1.0,10,3,24,24,154516.0,0.4879
nr,1.0,10,3,25,25,159113.0,0.4877
nr,1.0,10,3,26,26,161273.0,0.4914
nr,1.0,10,3,27,27,159317.0,0.4857
nr,1.0,10,3,28,28,158632.0,0.4866
nr,1.0,10,3,29,29,164522.0,0.4939
nr,1.0,10,5,0,0,57899.0,0.4235
nr,1.0,10,5,1,1,55641.0,0.423
nr,1.0,10,5,2,2,52891.0,0.4227
nr,1.0,10,5,3,3,56208.0,0.4187
nr,1.0,10,5,4,4,52697.0,0.4234
nr,1.0,10,5,5,5,53048.0,0.4255
nr,1.0,10,5,6,6,53608.0,0.4165
nr,1.0,10,5,7,7,58904.0,0.4215
nr,1.0,10,5,8,8,53205.0,0.419
nr,1.0,10,5,9,9,55395.0,0.4179
nr,1.0,10,5,10,10,55457.0,0.4186
nr,1.0,10,5,11,11,58750.0,0.4195
nr,1.0,10,5,12,12,56716.0,0.4199
nr,1.0,10,5,13,13,61058.0,0.4195
nr,1.0,10,5,14,14,54791.0,0.4192
nr,1.0,10,5,15,15,58044.0,0.4203
nr,1.0,10,5,16,16,55990.0,0.4158
nr,1.0,10,5,17,17,57670.0,0.4161
nr,1.0,10,5,18,18,51014.0,0.4176
nr,1.0,10,5,19,19,51978.0,0.4139
nr,1.0,10,5,20,20,59022.0,0.4195
nr,1.0,10,5,21,21,56628.0,0.4163
nr,1.0,10,5,22,22,60880.0,0.4224
nr,1.0,10,5,23,23,56121.0,0.4205
nr,1.0,10,5,24,24,51844.0,0.4185
nr,1.0,10,5,25,25,54849.0,0.4246
nr,1.0,10,5,26,26,58209.0,0.4156
nr,1.0,10,5,27,27,59073.0,0.4352
nr,1.0,10,5,28,28,52692.0,0.4201
nr,1.0,10,5,29,29,55109.0,0.4204
nr,1.0,15,1,0,0,3355.0,0.443
nr,1.0,15,1,1,1,3458.0,0.4368
nr,1.0,15,1,2,2,2868.0,0.4367
nr,1.0,15,1,3,3,3276.0,0.4414
nr,1.0,15,1,4,4,3441.0,0.4356
nr,1.0,15,1,5,5,2869.0,0.4387
nr,1.0,15,1,6,6,3588.0,0.4343
nr,1.0,15,1,7,7,3112.0,0.4397
nr,1.0,15,1,8,8,3316.0,0.4361
nr,1.0,15,1,9,9,3142.0,0.4356
nr,1.0,15,1,10,10,3300.0,0.4338
nr,1.0,15,1,11,11,3259.0,0.4317
nr,1.0,15,1,12,12,3319.0,0.4315
nr,1.0,15,1,13,13,3159.0,0.4418
nr,1.0,15,1,14,14,3092.0,0.4341
nr,1.0,15,1,15,15,3232.0,0.4305
nr,1.0,15,1,16,16,3134.0,0.4292
nr,1.0,15,1,17,17,2909.0,0.443
nr,1.0,15,1,18,18,3252.0,0.433
nr,1.0,15,1,19,19,2944.0,0.4265
nr,1.0,15,1,20,20,2802.0,0.4304
nr,1.0,15,1,21,21,2991.0,0.4364
nr,1.0,15,1,22,22,3000.0,0.4308
nr,1.0,15,1,23,23,3396.0,0.4349
nr,1.0,15,1,24,24,3002.0,0.4224
nr,1.0,15,1,25,25,3100.0,0.4337
nr,1.0,15,1,26,26,2953.0,0.4382
nr,1.0,15,1,27,27,3431.0,0.4186
nr,1.0,15,1,28,28,2760.0,0.4225
nr,1.0,15,1,29,29,3538.0,0.4272
nr,1.0,15,3,0,0,112445.0,0.5124
nr,1.0,15,3,1,1,114160.0,0.4995
nr,1.0,15,3,2,2,115648.0,0.5014
nr,1.0,15,3,3,3,115112.0,0.5035
nr,1.0,15,3,4,4,110661.0,0.5008
nr,1.0,15,3,5,5,110952.0,0.4963
nr,1.0,15,3,6,6,113206.0,0.4901
nr,1.0,15,3,7,7,113702.0,0.497
nr,1.0,15,3,8,8,113723.0,0.4935
nr,1.0,15,3,9,9,111107.0,0.4931
nr,1.0,15,3,10,10,113619.0,0.4954
nr,1.0,15,3,11,11,117493.0,0.496
nr,1.0,15,3,12,12,116939.0,0.491
nr,1.0,15,3,13,13,118400.0,0.4911
nr,1.0,15,3,14,14,116709.0,0.4878
nr,1.0,15,3,15,15,117375.0,0.4888
nr,1.0,15,3,16,16,116652.0,0.4929
nr,1.0,15,3,17,17,114784.0,0.483
nr,1.0,15,3,18,18,113827.0,0.4967
nr,1.0,15,3,19,19,121722.0,0.493
nr,1.0,15,3,20,20,112202.0,0.4958
nr,1.0,15,3,21,21,115520.0,0.4882
nr,1.0,15,3,22,22,117004.0,0.4934
nr,1.0,15,3,23,23,110836.0,0.4892
nr,1.0,15,3,24,24,114942.0,0.4921
nr,1.0,15,3,25,25,116537.0,0.4911
nr,1.0,15,3,26,26,116506.0,0.498
nr,1.0,15,3,27,27,114799.0,0.4985
nr,1.0,15,3,28,28,114747.0,0.506
nr,1.0,15,3,29,29,118551.0,0.5043
nr,1.0,15,5,0,0,492972.0,0.546
nr,1.0,15,5,1,1,474259.0,0.55
nr,1.0,15,5,2,2,474757.0,0.5532
nr,1.0,15,5,3,3,489886.0,0.5434
nr,1.0,15,5,4,4,480552.0,0.5449
nr,1.0,15,5,5,5,496732.0,0.5375
nr,1.0,15,5,6,6,483363.0,0.5374
nr,1.0,15,5,7,7,475820.0,0.5331
nr,1.0,15,5,8,8,486186.0,0.5247
nr,1.0,15,5,9,9,484857.0,0.5278
nr,1.0,15,5,10,10,483021.0,0.5279
nr,1.0,15,5,11,11,486545.0,0.5313
nr,1.0,15,5,12,12,494722.0,0.5378
nr,1.0,15,5,13,13,481260.0,0.5379
nr,1.0,15,5,14,14,503686.0,0.5503
nr,1.0,15,5,15,15,484889.0,0.5451
nr,1.0,15,5,16,16,476427.0,0.5421
nr,1.0,15,5,17,17,499971.0,0.5429
nr,1.0,15,5,18,18,475614.0,0.5365
nr,1.0,15,5,19,19,488200.0,0.5329
nr,1.0,15,5,20,20,489413.0,0.5329
nr,1.0,15,5,21,21,493306.0,0.5365
nr,1.0,15,5,22,22,486723.0,0.5282
nr,1.0,15,5,23,23,477996.0,0.5296
nr,1.0,15,5,24,24,502594.0,0.5352
nr,1.0,15,5,25,25,485038.0,0.5351
nr,1.0,15,5,26,26,487343.0,0.54
nr,1.0,15,5,27,27,490916.0,0.5489
nr,1.0,15,5,28,28,490174.0,0.5514
nr,1.0,15,5,29,29,492494.0,0.548
nr,1.0,20,1,0,0,3942.0,0.4612
nr,1.0,20,1,1,1,3756.0,0.4623
nr,1.0,20,1,2,2,4156.0,0.4591
nr,1.0,20,1,3,3,3828.0,0.4581
nr,1.0,20,1,4,4,4123.0,0.4634
nr,1.0,20,1,5,5,3578.0,0.4499
nr,1.0,20,1,6,6,4077.0,0.4656
nr,1.0,20,1,7,7,3949.0,0.4474
nr,1.0,20,1,8,8,3754.0,0.4597
nr,1.0,20,1,9,9,3809.0,0.4614
nr,1.0,20,1,10,10,4465.0,0.4542
nr,1.0,20,1,11,11,4054.0,0.4502
nr,1.0,20,1,12,12,3900.0,0.4583
nr,1.0,20,1,13,13,3837.0,0.4589
nr,1.0,20,1,14,14,3946.0,0.462
nr,1.0,20,1,15,15,4111.0,0.4567
nr,1.0,20,1,16,16,4209.0,0.4501
nr,1.0,20,1,17,17,4019.0,0.4668
nr,1.0,20,1,18,18,3926.0,0.4621
nr,1.0,20,1,19,19,3975.0,0.4583
nr,1.0,20,1,20,20,3514.0,0.4504
nr,1.0,20,1,21,21,4439.0,0.461
nr,1.0,20,1,22,22,3947.0,0.4562
nr,1.0,20,1,23,23,4192.0,0.4539
nr,1.0,20,1,24,24,4087.0,0.4593
nr,1.0,20,1,25,25,3840.0,0.4604
nr,1.0,20,1,26,26,4105.0,0.4536
nr,1.0,20,1,27,27,3913.0,0.4655
nr,1.0,20,1,28,28,3942.0,0.4569
nr,1.0,20,1,29,29,4152.0,0.4587
nr,1.0,20,3,0,0,4263.0,0.4183
nr,1.0,20,3,1,1,4532.0,0.4127
nr,1.0,20,3,2,2,3869.0,0.4188
nr,1.0,20,3,3,3,4145.0,0.4142
nr,1.0,20,3,4,4,4771.0,0.4189
nr,1.0,20,3,5,5,4588.0,0.4205
nr,1.0,20,3,6,6,4138.0,0.4164
nr,1.0,20,3,7,7,4598.0,0.4126
nr,1.0,20,3,8,8,4276.0,0.4195
nr,1.0,20,3,9,9,4522.0,0.4121
nr,1.0,20,3,10,10,4497.0,0.4147
nr,1.0,20,3,11,11,4641.0,0.4165
nr,1.0,20,3,12,12,3615.0,0.4135
nr,1.0,20,3,13,13,4022.0,0.4171
nr,1.0,20,3,14,14,4483.0,0.4161
nr,1.0,20,3,15,15,4309.0,0.4124
nr,1.0,20,3,16,16,4988.0,0.4142
nr,1.0,20,3,17,17,4346.0,0.4123
nr,1.0,20,3,18,18,4043.0,0.41
nr,1.0,20,3,19,19,4850.0,0.4189
nr,1.0,20,3,20,20,4093.0,0.4127
nr,1.0,20,3,21,21,4284.0,0.4106
nr,1.0,20,3,22,22,3924.0,0.4117
nr,1.0,20,3,23,23,4093.0,0.4102
nr,1.0,20,3,24,24,4564.0,0.4113
nr,1.0,20,3,25,25,4610.0,0.4194
nr,1.0,20,3,26,26,4453.0,0.4108
nr,1.0,20,3,27,27,4740.0,0.4192
nr,1.0,20,3,28,28,4187.0,0.4199
nr,1.0,20,3,29,29,3866.0,0.4191
nr,1.0,20,5,0,0,239413.0,0.5263
nr,1.0,20,5,1,1,242629.0,0.5263
nr,1.0,20,5,2,2,238723.0,0.5139
nr,1.0,20,5,3,3,231539.0,0.5113
nr,1.0,20,5,4,4,246533.0,0.5143
nr,1.0,20,5,5,5,238798.0,0.5131
nr,1.0,20,5,6,6,241800.0,0.5169
nr,1.0,20,5,7,7,245909.0,0.5151
nr,1.0,20,5,8,8,241090.0,0.5221
nr,1.0,20,5,9,9,242270.0,0.5247
nr,1.0,20,5,10,10,231796.0,0.5287
nr,1.0,20,5,11,11,237632.0,0.5304
nr,1.0,20,5,12,12,234748.0,0.5327
nr,1.0,20,5,13,13,249495.0,0.5327
nr,1.0,20,5,14,14,242681.0,0.53
nr,1.0,20,5,15,15,240806.0,0.5256
nr,1.0,20,5,16,16,238692.0,0.5276
nr,1.0,20,5,17,17,244210.0,0.5189
nr,1.0,20,5,18,18,238561.0,0.5184
nr,1.0,20,5,19,19,243614.0,0.5183
nr,1.0,20,5,20,20,237236.0,0.5197
nr,1.0,20,5,21,21,238581.0,0.51
nr,1.0,20,5,22,22,241638.0,0.5109
nr,1.0,20,5,23,23,242919.0,0.5115
nr,1.0,20,5,24,24,239800.0,0.5115
nr,1.0,20,5,25,25,243768.0,0.5173
nr,1.0,20,5,26,26,236826.0,0.5179
nr,1.0,20,5,27,27,250940.0,0.5207
nr,1.0,20,5,28,28,235277.0,0.5266
nr,1.0,20,5,29,29,243855.0,0.5279
nr,1.5,10,1,0,0,4995.0,0.5106
nr,1.5,10,1,1,1,5482.0,0.5084
nr,1.5,10,1,2,2,4717.0,0.5073
nr,1.5,10,1,3,3,5577.0,0.5057
nr,1.5,10,1,4,4,5009.0,0.5086
nr,1.5,10,1,5,5,6092.0,0.5048
nr,1.5,10,1,6,6,5302.0,0.5134
nr,1.5,10,1,7,7,5071.0,0.5003
nr,1.5,10,1,8,8,4981.0,0.5036
nr,1.5,10,1,9,9,5553.0,0.5067
nr,1.5,10,1,10,10,4562.0,0.5068
nr,1.5,10,1,11,11,5011.0,0.503
nr,1.5,10,1,12,12,4779.0,0.4936
nr,1.5,10,1,13,13,5328.0,0.5062
nr,1.5,10,1,14,14,4513.0,0.5029
nr,1.5,10,1,15,15,4313.0,0.5031
nr,1.5,10,1,16,16,4974.0,0.5078
nr,1.5,10,1,17,17,4622.0,0.4993
nr,1.5,10,1,18,18,5336.0,0.4953
nr,1.5,10,1,19,19,4616.0,0.4947
nr,1.5,10,1,20,20,5079.0,0.4984
nr,1.5,10,1,21,21,5633.0,0.5044
nr,1.5,10,1,22,22,5162.0,0.4992
nr,1.5,10,1,23,23,5722.0,0.5014
nr,1.5,10,1,24,24,5824.0,0.5072
nr,1.5,10,1,25,25,4828.0,0.4993
nr,1.5,10,1,26,26,5737.0,0.5087
nr,1.5,10,1,27,27,4758.0,0.5062
nr,1.5,10,1,28,28,5138.0,0.4939
nr,1.5,10,1,29,29,5095.0,0.5098
nr,1.5,10,3,0,0,119495.0,0.4935
nr,1.5,10,3,1,1,121020.0,0.4952
nr,1.5,10,3,2,2,121867.0,0.4842
nr,1.5,10,3,3,3,118101.0,0.4775
nr,1.5,10,3,4,4,122015.0,0.4793
nr,1.5,10,3,5,5,117352.0,0.4932
nr,1.5,10,3,6,6,122806.0,0.4801
nr,1.5,10,3,7,7,121794.0,0.4872
nr,1.5,10,3,8,8,118996.0,0.4829
nr,1.5,10,3,9,9,122380.0,0.4802
nr,1.5,10,3,10,10,118337.0,0.4789
nr,1.5,10,3,11,11,117256.0,0.4755
nr,1.5,10,3,12,12,123653.0,0.4764
nr,1.5,10,3,13,13,115730.0,0.4748
nr,1.5,10,3,14,14,118025.0,0.4757
nr,1.5,10,3,15,15,119569.0,0.4766
nr,1.5,10,3,16,16,124247.0,0.481
nr,1.5,10,3,17,17,124438.0,0.4848
nr,1.5,10,3,18,18,117997.0,0.4758
nr,1.5,10,3,19,19,116419.0,0.4823
nr,1.5,10,3,20,20,118373.0,0.4764
nr,1.5,10,3,21,21,115560.0,0.4781
nr,1.5,10,3,22,22,123668.0,0.4834
nr,1.5,10,3,23,23,118919.0,0.4735
nr,1.5,10,3,24,24,120220.0,0.482
nr,1.5,10,3,25,25,114235.0,0.48
nr,1.5,10,3,26,26,120531.0,0.4828
nr,1.5,10,3,27,27,120017.0,0.4765
nr,1.5,10,3,28,28,114432.0,0.4807
nr,1.5,10,3,29,29,121730.0,0.4799
nr,1.5,10,5,0,0,40531.0,0.4251
nr,1.5,10,5,1,1,43426.0,0.4234
nr,1.5,10,5,2,2,45082.0,0.4242
nr,1.5,10,5,3,3,40870.0,0.4187
nr,1.5,10,5,4,4,45455.0,0.4218
nr,1.5,10,5,5,5,39221.0,0.4199
nr,1.5,10,5,6,6,41728.0,0.4211
nr,1.5,10,5,7,7,43578.0,0.4213
nr,1.5,10,5,8,8,41979.0,0.4209
nr,1.5,10,5,9,9,44764.0,0.4228
nr,1.5,10,5,10,10,39858.0,0.4172
nr,1.5,10,5,11,11,39757.0,0.4216
nr,1.5,10,5,12,12,44522.0,0.4193
nr,1.5,10,5,13,13,42823.0,0.4191
nr,1.5,10,5,14,14,40352.0,0.4181
nr,1.5,10,5,15,15,40792.0,0.4182
nr,1.5,10,5,16,16,40512.0,0.4196
nr,1.5,10,5,17,17,45074.0,0.4163
nr,1.5,10,5,18,18,39244.0,0.4203
nr,1.5,10,5,19,19,43755.0,0.4207
nr,1.5,10,5,20,20,41381.0,0.4175
nr,1.5,10,5,21,21,41288.0,0.4205
nr,1.5,10,5,22,22,40187.0,0.4211
nr,1.5,10,5,23,23,42272.0,0.4285
nr,1.5,10,5,24,24,44258.0,0.4165
nr,1.5,10,5,25,25,38946.0,0.4212
nr,1.5,10,5,26,26,42150.0,0.4207
nr,1.5,10,5,27,27,43274.0,0.4154
nr,1.5,10,5,28,28,44974.0,0.4217
nr,1.5,10,5,29,29,39711.0,0.4263
nr,1.5,15,1,0,0,2214.0,0.5071
nr,1.5,15,1,1,1,2650.0,0.4945
nr,1.5,15,1,2,2,3035.0,0.4947
nr,1.5,15,1,3,3,2468.0,0.4904
nr,1.5,15,1,4,4,2279.0,0.4815
nr,1.5,15,1,5,5,2528.0,0.4906
nr,1.5,15,1,6,6,3046.0,0.4946
nr,1.5,15,1,7,7,2497.0,0.4902
nr,1.5,15,1,8,8,2571.0,0.4913
nr,1.5,15,1,9,9,2084.0,0.4871
nr,1.5,15,1,10,10,2669.0,0.4966
nr,1.5,15,1,11,11,3140.0,0.4921
nr,1.5,15,1,12,12,2607.0,0.4887
nr,1.5,15,1,13,13,2372.0,0.4925
nr,1.5,15,1,14,14,2425.0,0.4932
nr,1.5,15,1,15,15,3067.0,0.4899
nr,1.5,15,1,16,16,2246.0,0.4915
nr,1.5,15,1,17,17,2635.0,0.4927
nr,1.5,15,1,18,18,2689.0,0.4869
nr,1.5,15,1,19,19,2929.0,0.4915
nr,1.5,15,1,20,20,2692.0,0.5005
nr,1.5,15,1,21,21,2663.0,0.4913
nr,1.5,15,1,22,22,2304.0,0.4882
nr,1.5,15,1,23,23,2616.0,0.4901
nr,1.5,15,1,24,24,2333.0,0.4892
nr,1.5,15,1,25,25,2639.0,0.4897
nr,1.5,15,1,26,26,2133.0,0.4877
nr,1.5,15,1,27,27,2785.0,0.4896
nr,1.5,15,1,28,28,2553.0,0.4843
nr,1.5,15,1,29,29,3144.0,0.491
nr,1.5,15,3,0,0,85514.0,0.5056
nr,1.5,15,3,1,1,85467.0,0.5064
nr,1.5,15,3,2,2,85857.0,0.5049
nr,1.5,15,3,3,3,85609.0,0.5057
nr,1.5,15,3,4,4,90147.0,0.5034
nr,1.5,15,3,5,5,85815.0,0.5028
nr,1.5,15,3,6,6,85850.0,0.5019
nr,1.5,15,3,7,7,89352.0,0.5
nr,1.5,15,3,8,8,84207.0,0.4978
nr,1.5,15,3,9,9,87262.0,0.5057
nr,1.5,15,3,10,10,84847.0,0.501
nr,1.5,15,3,11,11,88431.0,0.5013
nr,1.5,15,3,12,12,88341.0,0.5009
nr,1.5,15,3,13,13,90345.0,0.4976
nr,1.5,15,3,14,14,90788.0,0.4926
nr,1.5,15,3,15,15,86326.0,0.4964
nr,1.5,15,3,16,16,86249.0,0.4914
nr,1.5,15,3,17,17,84624.0,0.4943
nr,1.5,15,3,18,18,88684.0,0.4942
nr,1.5,15,3,19,19,87694.0,0.4949
nr,1.5,15,3,20,20,85333.0,0.4942
nr,1.5,15,3,21,21,86665.0,0.4942
nr,1.5,15,3,22,22,86983.0,0.4993
nr,1.5,15,3,23,23,85801.0,0.4955
nr,1.5,15,3,24,24,82504.0,0.4963
nr,1.5,15,3,25,25,85177.0,0.4971
nr,1.5,15,3,26,26,87987.0,0.4968
nr,1.5,15,3,27,27,86091.0,0.5029
nr,1.5,15,3,28,28,87666.0,0.5001
nr,1.5,15,3,29,29,87039.0,0.5091
nr,1.5,15,5,0,0,283828.0,0.5177
nr,1.5,15,5,1,1,275286.0,0.5207
nr,1.5,15,5,2,2,281575.0,0.5311
nr,1.5,15,5,3,3,286957.0,0.5222
nr,1.5,15,5,4,4,270327.0,0.5184
nr,1.5,15,5,5,5,280048.0,0.5168
nr,1.5,15,5,6,6,273651.0,0.51
nr,1.5,15,5,7,7,287605.0,0.5092
nr,1.5,15,5,8,8,279133.0,0.5082
nr,1.5,15,5,9,9,275816.0,0.5083
nr,1.5,15,5,10,10,279636.0,0.5016
nr,1.5,15,5,11,11,278461.0,0.5031
nr,1.5,15,5,12,12,275731.0,0.5026
nr,1.5,15,5,13,13,275483.0,0.5015
nr,1.5,15,5,14,14,279228.0,0.5103
nr,1.5,15,5,15,15,284904.0,0.5103
nr,1.5,15,5,16,16,287523.0,0.5071
nr,1.5,15,5,17,17,287681.0,0.5075
nr,1.5,15,5,18,18,275946.0,0.5129
nr,1.5,15,5,19,19,274168.0,0.5168
nr,1.5,15,5,20,20,277843.0,0.5135
nr,1.5,15,5,21,21,273151.0,0.5211
nr,1.5,15,5,22,22,278951.0,0.5201
nr,1.5,15,5,23,23,281575.0,0.5182
nr,1.5,15,5,24,24,275579.0,0.519
nr,1.5,15,5,25,25,276523.0,0.5205
nr,1.5,15,5,26,26,276495.0,0.5252
nr,1.5,15,5,27,27,268429.0,0.5213
nr,1.5,15,5,28,28,277417.0,0.5176
nr,1.5,15,5,29,29,286471.0,0.5134
nr,1.5,20,1,0,0,925.0,0.4592
nr,1.5,20,1,1,1,1105.0,0.4505
nr,1.5,20,1,2,2,1430.0,0.4534
nr,1.5,20,1,3,3,1390.0,0.4526
nr,1.5,20,1,4,4,1937.0,0.453
nr,1.5,20,1,5,5,1012.0,0.4527
nr,1.5,20,1,6,6,1399.0,0.4568
nr,1.5,20,1,7,7,1401.0,0.4452
nr,1.5,20,1,8,8,1309.0,0.4485
nr,1.5,20,1,9,9,1306.0,0.4508
nr,1.5,20,1,10,10,1446.0,0.4547
nr,1.5,20,1,11,11,1488.0,0.4538
nr,1.5,20,1,12,12,1071.0,0.4519
nr,1.5,20,1,13,13,1089.0,0.4613
nr,1.5,20,1,14,14,1337.0,0.4569
nr,1.5,20,1,15,15,1208.0,0.453
nr,1.5,20,1,16,16,1340.0,0.4492
nr,1.5,20,1,17,17,1558.0,0.4539
nr,1.5,20,1,18,18,1557.0,0.4568
nr,1.5,20,1,19,19,1299.0,0.4561
nr,1.5,20,1,20,20,937.0,0.4549
nr,1.5,20,1,21,21,1259.0,0.4545
nr,1.5,20,1,22,22,1161.0,0.4587
nr,1.5,20,1,23,23,1371.0,0.4521
nr,1.5,20,1,24,24,1205.0,0.4502
nr,1.5,20,1,25,25,1483.0,0.4576
nr,1.5,20,1,26,26,1438.0,0.4506
nr,1.5,20,1,27,27,1257.0,0.4567
nr,1.5,20,1,28,28,1307.0,0.453
nr,1.5,20,1,29,29,1298.0,0.4596
nr,1.5,20,3,0,0,2895.0,0.4254
nr,1.5,20,3,1,1,2920.0,0.4277
nr,1.5,20,3,2,2,2876.0,0.4225
nr,1.5,20,3,3,3,2734.0,0.4226
nr,1.5,20,3,4,4,2965.0,0.4302
nr,1.5,20,3,5,5,3044.0,0.4218
nr,1.5,20,3,6,6,2572.0,0.4219
nr,1.5,20,3,7,7,2554.0,0.4243
nr,1.5,20,3,8,8,2754.0,0.4263
nr,1.5,20,3,9,9,2788.0,0.4266
nr,1.5,20,3,10,10,3117.0,0.4254
nr,1.5,20,3,11,11,3012.0,0.4246
nr,1.5,20,3,12,12,2605.0,0.4255
nr,1.5,20,3,13,13,2839.0,0.4269
nr,1.5,20,3,14,14,2517.0,0.4259
nr,1.5,20,3,15,15,2801.0,0.4232
nr,1.5,20,3,16,16,2746.0,0.4252
nr,1.5,20,3,17,17,2939.0,0.4252
nr,1.5,20,3,18,18,2555.0,0.4302
nr,1.5,20,3,19,19,2767.0,0.4204
nr,1.5,20,3,20,20,3277.0,0.4256
nr,1.5,20,3,21,21,2841.0,0.4261
nr,1.5,20,3,22,22,3206.0,0.4285
nr,1.5,20,3,23,23,2964.0,0.4312
nr,1.5,20,3,24,24,2654.0,0.4248
nr,1.5,20,3,25,25,2336.0,0.431
nr,1.5,20,3,26,26,3034.0,0.4264
nr,1.5,20,3,27,27,2420.0,0.4306
nr,1.5,20,3,28,28,3164.0,0.4253
nr,1.5,20,3,29,29,3148.0,0.425
nr,1.5,20,5,0,0,8038.0,0.4284
nr,1.5,20,5,1,1,8603.0,0.4235
nr,1.5,20,5,2,2,7642.0,0.4232
nr,1.5,20,5,3,3,7867.0,0.4243
nr,1.5,20,5,4,4,9023.0,0.4238
nr,1.5,20,5,5,5,8364.0,0.429
nr,1.5,20,5,6,6,9292.0,0.4287
nr,1.5,20,5,7,7,9122.0,0.4226
nr,1.5,20,5,8,8,8833.0,0.4259
nr,1.5,20,5,9,9,8396.0,0.4267
nr,1.5,20,5,10,10,10119.0,0.4259
nr,1.5,20,5,11,11,10487.0,0.4247
nr,1.5,20,5,12,12,9752.0,0.4249
nr,1.5,20,5,13,13,9594.0,0.4262
nr,1.5,20,5,14,14,7676.0,0.4209
nr,1.5,20,5,15,15,9253.0,0.4291
nr,1.5,20,5,16,16,7731.0,0.4246
nr,1.5,20,5,17,17,8381.0,0.4265
nr,1.5,20,5,18,18,10783.0,0.4235
nr,1.5,20,5,19,19,8741.0,0.4222
nr,1.5,20,5,20,20,8519.0,0.4232
nr,1.5,20,5,21,21,6923.0,0.4241
nr,1.5,20,5,22,22,9368.0,0.4267
nr,1.5,20,5,23,23,7758.0,0.4242
nr,1.5,20,5,24,24,8407.0,0.4251
nr,1.5,20,5,25,25,8660.0,0.4235
nr,1.5,20,5,26,26,9258.0,0.4272
nr,1.5,20,5,27,27,8292.0,0.4247
nr,1.5,20,5,28,28,8514.0,0.4251
nr,1.5,20,5,29,29,7515.0,0.4243
ns,0.5,10,1,0,0,6276.0,0.4514
ns,0.5,10,1,1,1,6371.0,0.4388
ns,0.5,10,1,2,2,6736.0,0.4457
ns,0.5,10,1,3,3,6797.0,0.4562
ns,0.5,10,1,4,4,6652.0,0.4571
ns,0.5,10,1,5,5,6049.0,0.4567
ns,0.5,10,1,6,6,6401.0,0.4509
ns,0.5,10,1,7,7,6140.0,0.4524
ns,0.5,10,1,8,8,6364.0,0.4728
ns,0.5,10,1,9,9,6802.0,0.4605
ns,0.5,10,1,10,10,6107.0,0.4691
ns,0.5,10,1,11,11,7036.0,0.4696
ns,0.5,10,1,12,12,6418.0,0.4865
ns,0.5,10,1,13,13,7158.0,0.4588
ns,0.5,10,1,14,14,6548.0,0.4714
ns,0.5,10,1,15,15,6950.0,0.4813
ns,0.5,10,1,16,16,6502.0,0.4626
ns,0.5,10,1,17,17,6402.0,0.4671
ns,0.5,10,1,18,18,6373.0,0.4577
ns,0.5,10,1,19,19,6366.0,0.4735
ns,0.5,10,1,20,20,6805.0,0.461
ns,0.5,10,1,21,21,6807.0,0.4725
ns,0.5,10,1,22,22,6541.0,0.4795
ns,0.5,10,1,23,23,7286.0,0.462
ns,0.5,10,1,24,24,6852.0,0.4665
ns,0.5,10,1,25,25,6497.0,0.469
ns,0.5,10,1,26,26,6464.0,0.4544
ns,0.5,10,1,27,27,6712.0,0.4695
ns,0.5,10,1,28,28,6481.0,0.4583
ns,0.5,10,1,29,29,6526.0,0.4627
ns,0.5,10,3,0,0,94164.0,0.4919
ns,0.5,10,3,1,1,96454.0,0.5047
ns,0.5,10,3,2,2,95386.0,0.516
ns,0.5,10,3,3,3,92977.0,0.5078
ns,0.5,10,3,4,4,97680.0,0.502
ns,0.5,10,3,5,5,89127.0,0.5117
ns,0.5,10,3,6,6,92669.0,0.5085
ns,0.5,10,3,7,7,93672.0,0.5111
ns,0.5,10,3,8,8,92972.0,0.4863
ns,0.5,10,3,9,9,91600.0,0.4835
ns,0.5,10,3,10,10,89022.0,0.4891
ns,0.5,10,3,11,11,89476.0,0.5004
ns,0.5,10,3,12,12,94069.0,0.4887
ns,0.5,10,3,13,13,100905.0,0.4882
ns,0.5,10,3,14,14,92679.0,0.4871
ns,0.5,10,3,15,15,92186.0,0.4866
ns,0.5,10,3,16,16,92529.0,0.49
ns,0.5,10,3,17,17,99498.0,0.4918
ns,0.5,10,3,18,18,92457.0,0.4818
ns,0.5,10,3,19,19,94177.0,0.4848
ns,0.5,10,3,20,20,95453.0,0.482
ns,0.5,10,3,21,21,100451.0,0.4794
ns,0.5,10,3,22,22,95344.0,0.4773
ns,0.5,10,3,23,23,91743.0,0.4806
ns,0.5,10,3,24,24,91359.0,0.4801
ns,0.5,10,3,25,25,91631.0,0.4756
ns,0.5,10,3,26,26,94942.0,0.4831
ns,0.5,10,3,27,27,92514.0,0.4756
ns,0.5,10,3,28,28,94382.0,0.4759
ns,0.5,10,3,29,29,96191.0,0.4883
ns,0.5,10,5,0,0,324040.0,0.496
ns,0.5,10,5,1,1,325161.0,0.4854
ns,0.5,10,5,2,2,313015.0,0.4886
ns,0.5,10,5,3,3,319752.0,0.4884
ns,0.5,10,5,4,4,319631.0,0.4835
ns,0.5,10,5,5,5,329570.0,0.4876
ns,0.5,10,5,6,6,323371.0,0.4904
ns,0.5,10,5,7,7,325300.0,0.4867
ns,0.5,10,5,8,8,324170.0,0.4887
ns,0.5,10,5,9,9,318326.0,0.4885
ns,0.5,10,5,10,10,318664.0,0.4884
ns,0.5,10,5,11,11,319684.0,0.4933
ns,0.5,10,5,12,12,324184.0,0.4987
ns,0.5,10,5,13,13,312916.0,0.4869
ns,0.5,10,5,14,14,310360.0,0.4942
ns,0.5,10,5,15,15,321414.0,0.4932
ns,0.5,10,5,16,16,324210.0,0.486
ns,0.5,10,5,17,17,318267.0,0.4915
ns,0.5,10,5,18,18,314466.0,0.4943
ns,0.5,10,5,19,19,324679.0,0.4828
ns,0.5,10,5,20,20,328171.0,0.489
ns,0.5,10,5,21,21,324828.0,0.4909
ns,0.5,10,5,22,22,326618.0,0.4874
ns,0.5,10,5,23,23,321291.0,0.4883
ns,0.5,10,5,24,24,322706.0,0.4971
ns,0.5,10,5,25,25,312365.0,0.4858
ns,0.5,10,5,26,26,328000.0,0.4912
ns,0.5,10,5,27,27,312055.0,0.4853
ns,0.5,10,5,28,28,337350.0,0.4861
ns,0.5,10,5,29,29,321147.0,0.4834
ns,0.5,15,1,0,0,7553.0,0.4701
ns,0.5,15,1,1,1,7545.0,0.4542
ns,0.5,15,1,2,2,7183.0,0.4603
ns,0.5,15,1,3,3,7519.0,0.4654
ns,0.5,15,1,4,4,7819.0,0.46
ns,0.5,15,1,5,5,7345.0,0.4602
ns,0.5,15,1,6,6,7354.0,0.4677
ns,0.5,15,1,7,7,8546.0,0.46
ns,0.5,15,1,8,8,7825.0,0.4647
ns,0.5,15,1,9,9,7888.0,0.4615
ns,0.5,15,1,10,10,7701.0,0.4647
ns,0.5,15,1,11,11,7878.0,0.4632
ns,0.5,15,1,12,12,7967.0,0.4657
ns,0.5,15,1,13,13,8241.0,0.4574
ns,0.5,15,1,14,14,8069.0,0.4597
ns,0.5,15,1,15,15,7558.0,0.4623
ns,0.5,15,1,16,16,7442.0,0.4629
ns,0.5,15,1,17,17,8385.0,0.4683
ns,0.5,15,1,18,18,7997.0,0.4654
ns,0.5,15,1,19,19,7080.0,0.4674
ns,0.5,15,1,20,20,8109.0,0.4618
ns,0.5,15,1,21,21,8561.0,0.4597
ns,0.5,15,1,22,22,7347.0,0.4668
ns,0.5,15,1,23,23,7504.0,0.4575
ns,0.5,15,1,24,24,7737.0,0.4661
ns,0.5,15,1,25,25,7396.0,0.4646
ns,0.5,15,1,26,26,7432.0,0.4829
ns,0.5,15,1,27,27,7998.0,0.4686
ns,0.5,15,1,28,28,7980.0,0.448
ns,0.5,15,1,29,29,7745.0,0.4673
ns,0.5,15,3,0,0,38395.0,0.4695
ns,0.5,15,3,1,1,37930.0,0.4654
ns,0.5,15,3,2,2,40215.0,0.4645
ns,0.5,15,3,3,3,38479.0,0.4589
ns,0.5,15,3,4,4,38694.0,0.4633
ns,0.5,15,3,5,5,36345.0,0.4662
ns,0.5,15,3,6,6,39042.0,0.4623
ns,0.5,15,3,7,7,35706.0,0.462
ns,0.5,15,3,8,8,37759.0,0.4652
ns,0.5,15,3,9,9,38067.0,0.4687
ns,0.5,15,3,10,10,40269.0,0.4595
ns,0.5,15,3,11,11,39783.0,0.4561
ns,0.5,15,3,12,12,37932.0,0.4624
ns,0.5,15,3,13,13,40016.0,0.4654
ns,0.5,15,3,14,14,35952.0,0.4626
ns,0.5,15,3,15,15,38650.0,0.4676
ns,0.5,15,3,16,16,39079.0,0.4691
ns,0.5,15,3,17,17,39722.0,0.4628
ns,0.5,15,3,18,18,39336.0,0.4613
ns,0.5,15,3,19,19,38858.0,0.4607
ns,0.5,15,3,20,20,37813.0,0.4617
ns,0.5,15,3,21,21,37522.0,0.4713
ns,0.5,15,3,22,22,39527.0,0.465
ns,0.5,15,3,23,23,41720.0,0.4594
ns,0.5,15,3,24,24,36891.0,0.4641
ns,0.5,15,3,25,25,37949.0,0.4658
ns,0.5,15,3,26,26,39284.0,0.4674
ns,0.5,15,3,27,27,38479.0,0.4686
ns,0.5,15,3,28,28,40548.0,0.4642
ns,0.5,15,3,29,29,38984.0,0.4647
ns,0.5,15,5,0,0,128083.0,0.4986
ns,0.5,15,5,1,1,136212.0,0.4905
ns,0.5,15,5,2,2,132231.0,0.4924
ns,0.5,15,5,3,3,121774.0,0.4909
ns,0.5,15,5,4,4,131726.0,0.4955
ns,0.5,15,5,5,5,124776.0,0.4995
ns,0.5,15,5,6,6,132276.0,0.493
ns,0.5,15,5,7,7,131381.0,0.4996
ns,0.5,15,5,8,8,138080.0,0.4986
ns,0.5,15,5,9,9,128649.0,0.4971
ns,0.5,15,5,10,10,132745.0,0.5085
ns,0.5,15,5,11,11,128347.0,0.5052
ns,0.5,15,5,12,12,125086.0,0.5006
ns,0.5,15,5,13,13,135119.0,0.4998
ns,0.5,15,5,14,14,134338.0,0.5096
ns,0.5,15,5,15,15,121959.0,0.5001
ns,0.5,15,5,16,16,127931.0,0.4981
ns,0.5,15,5,17,17,129807.0,0.5037
ns,0.5,15,5,18,18,127463.0,0.4974
ns,0.5,15,5,19,19,127577.0,0.5015
ns,0.5,15,5,20,20,124327.0,0.5011
ns,0.5,15,5,21,21,131428.0,0.5021
ns,0.5,15,5,22,22,131027.0,0.4965
ns,0.5,15,5,23,23,133229.0,0.498
ns,0.5,15,5,24,24,129416.0,0.5009
ns,0.5,15,5,25,25,126362.0,0.4993
ns,0.5,15,5,26,26,125499.0,0.4973
ns,0.5,15,5,27,27,130296.0,0.4935
ns,0.5,15,5,28,28,132565.0,0.4943
ns,0.5,15,5,29,29,128492.0,0.495
ns,0.5,20,1,0,0,9501.0,0.4987
ns,0.5,20,1,1,1,8305.0,0.4995
ns,0.5,20,1,2,2,8516.0,0.5017
ns,0.5,20,1,3,3,8429.0,0.4991
ns,0.5,20,1,4,4,8707.0,0.4975
ns,0.5,20,1,5,5,9141.0,0.4971
ns,0.5,20,1,6,6,8626.0,0.4919
ns,0.5,20,1,7,7,9129.0,0.498
ns,0.5,20,1,8,8,8094.0,0.4954
ns,0.5,20,1,9,9,8878.0,0.5023
ns,0.5,20,1,10,10,8550.0,0.4964
ns,0.5,20,1,11,11,8442.0,0.491
ns,0.5,20,1,12,12,8064.0,0.4824
ns,0.5,20,1,13,13,9518.0,0.4884
ns,0.5,20,1,14,14,8488.0,0.4999
ns,0.5,20,1,15,15,8603.0,0.5007
ns,0.5,20,1,16,16,8069.0,0.4928
ns,0.5,20,1,17,17,8100.0,0.4943
ns,0.5,20,1,18,18,9157.0,0.4911
ns,0.5,20,1,19,19,9040.0,0.4954
ns,0.5,20,1,20,20,8248.0,0.4987
ns,0.5,20,1,21,21,8354.0,0.4977
ns,0.5,20,1,22,22,9118.0,0.4837
ns,0.5,20,1,23,23,8649.0,0.4965
ns,0.5,20,1,24,24,8578.0,0.498
ns,0.5,20,1,25,25,9199.0,0.4951
ns,0.5,20,1,26,26,9008.0,0.5
ns,0.5,20,1,27,27,8144.0,0.4953
ns,0.5,20,1,28,28,8217.0,0.4958
ns,0.5,20,1,29,29,7641.0,0.4974
ns,0.5,20,3,0,0,49999.0,0.5239
ns,0.5,20,3,1,1,52584.0,0.5274
ns,0.5,20,3,2,2,51300.0,0.5229
ns,0.5,20,3,3,3,48599.0,0.5284
ns,0.5,20,3,4,4,45374.0,0.5326
ns,0.5,20,3,5,5,49651.0,0.5387
ns,0.5,20,3,6,6,48976.0,0.5318
ns,0.5,20,3,7,7,46130.0,0.5308
ns,0.5,20,3,8,8,47107.0,0.5334
ns,0.5,20,3,9,9,47872.0,0.5401
ns,0.5,20,3,10,10,50487.0,0.535
ns,0.5,20,3,11,11,47984.0,0.5335
ns,0.5,20,3,12,12,50614.0,0.5356
ns,0.5,20,3,13,13,48163.0,0.528
ns,0.5,20,3,14,14,49731.0,0.5267
ns,0.5,20,3,15,15,45367.0,0.5247
ns,0.5,20,3,16,16,49246.0,0.5289
ns,0.5,20,3,17,17,48034.0,0.5262
ns,0.5,20,3,18,18,47586.0,0.5222
ns,0.5,20,3,19,19,46223.0,0.5264
ns,0.5,20,3,20,20,48224.0,0.5242
ns,0.5,20,3,21,21,56174.0,0.5322
ns,0.5,20,3,22,22,46522.0,0.5208
ns,0.5,20,3,23,23,46845.0,0.5239
ns,0.5,20,3,24,24,47819.0,0.5272
ns,0.5,20,3,25,25,44643.0,0.525
ns,0.5,20,3,26,26,50124.0,0.5293
ns,0.5,20,3,27,27,47423.0,0.5259
ns,0.5,20,3,28,28,49730.0,0.5211
ns,0.5,20,3,29,29,45477.0,0.5229
ns,0.5,20,5,0,0,21799.0,0.4273
ns,0.5,20,5,1,1,23623.0,0.4175
ns,0.5,20,5,2,2,22688.0,0.4193
ns,0.5,20,5,3,3,22734.0,0.4216
ns,0.5,20,5,4,4,22559.0,0.4207
ns,0.5,20,5,5,5,22709.0,0.4236
ns,0.5,20,5,6,6,23696.0,0.4233
ns,0.5,20,5,7,7,22551.0,0.4237
ns,0.5,20,5,8,8,22940.0,0.4233
ns,0.5,20,5,9,9,23902.0,0.4196
ns,0.5,20,5,10,10,23562.0,0.4201
ns,0.5,20,5,11,11,22478.0,0.4195
ns,0.5,20,5,12,12,25257.0,0.4206
ns,0.5,20,5,13,13,25391.0,0.4204
ns,0.5,20,5,14,14,21788.0,0.4188
ns,0.5,20,5,15,15,25967.0,0.4211
ns,0.5,20,5,16,16,23663.0,0.4172
ns,0.5,20,5,17,17,25102.0,0.4173
ns,0.5,20,5,18,18,24557.0,0.4154
ns,0.5,20,5,19,19,24197.0,0.4188
ns,0.5,20,5,20,20,22296.0,0.42
ns,0.5,20,5,21,21,24507.0,0.4192
ns,0.5,20,5,22,22,23244.0,0.4163
ns,0.5,20,5,23,23,21208.0,0.418
ns,0.5,20,5,24,24,26088.0,0.4198
ns,0.5,20,5,25,25,22563.0,0.4197
ns,0.5,20,5,26,26,25084.0,0.421
ns,0.5,20,5,27,27,22673.0,0.4194
ns,0.5,20,5,28,28,25218.0,0.4177
ns,0.5,20,5,29,29,24468.0,0.4216
ns,1.0,10,1,0,0,4331.0,0.4846
ns,1.0,10,1,1,1,4543.0,0.478
ns,1.0,10,1,2,2,5334.0,0.4854
ns,1.0,10,1,3,3,4233.0,0.4786
ns,1.0,10,1,4,4,4454.0,0.4837
ns,1.0,10,1,5,5,4807.0,0.4801
ns,1.0,10,1,6,6,4866.0,0.4846
ns,1.0,10,1,7,7,4756.0,0.4793
ns,1.0,10,1,8,8,4963.0,0.4798
ns,1.0,10,1,9,9,5170.0,0.4926
ns,1.0,10,1,10,10,4376.0,0.4776
ns,1.0,10,1,11,11,5020.0,0.4782
ns,1.0,10,1,12,12,5369.0,0.477
ns,1.0,10,1,13,13,5117.0,0.4885
ns,1.0,10,1,14,14,4499.0,0.4783
ns,1.0,10,1,15,15,5292.0,0.4839
ns,1.0,10,1,16,16,3669.0,0.4842
ns,1.0,10,1,17,17,4200.0,0.4878
ns,1.0,10,1,18,18,4428.0,0.4912
ns,1.0,10,1,19,19,4281.0,0.4802
ns,1.0,10,1,20,20,4054.0,0.4798
ns,1.0,10,1,21,21,5072.0,0.4813
ns,1.0,10,1,22,22,4983.0,0.4812
ns,1.0,10,1,23,23,4473.0,0.4895
ns,1.0,10,1,24,24,4616.0,0.4805
ns,1.0,10,1,25,25,3807.0,0.4818
ns,1.0,10,1,26,26,3998.0,0.4798
ns,1.0,10,1,27,27,4986.0,0.4767
ns,1.0,10,1,28,28,4420.0,0.4819
ns,1.0,10,1,29,29,3758.0,0.4827
ns,1.0,10,3,0,0,81417.0,0.4866
ns,1.0,10,3,1,1,87490.0,0.4868
ns,1.0,10,3,2,2,79142.0,0.4932
ns,1.0,10,3,3,3,74692.0,0.4856
ns,1.0,10,3,4,4,81606.0,0.4893
ns,1.0,10,3,5,5,75167.0,0.4855
ns,1.0,10,3,6,6,82591.0,0.4824
ns,1.0,10,3,7,7,83068.0,0.4936
ns,1.0,10,3,8,8,76475.0,0.4799
ns,1.0,10,3,9,9,76215.0,0.4856
ns,1.0,10,3,10,10,79920.0,0.4819
ns,1.0,10,3,11,11,83867.0,0.4863
ns,1.0,10,3,12,12,82552.0,0.4837
ns,1.0,10,3,13,13,81623.0,0.4846
ns,1.0,10,3,14,14,81955.0,0.4821
ns,1.0,10,3,15,15,79857.0,0.4838
ns,1.0,10,3,16,16,79249.0,0.4881
ns,1.0,10,3,17,17,80457.0,0.4835
ns,1.0,10,3,18,18,79254.0,0.4902
ns,1.0,10,3,19,19,79354.0,0.4874
ns,1.0,10,3,20,20,76529.0,0.4861
ns,1.0,10,3,21,21,86388.0,0.4821
ns,1.0,10,3,22,22,88179.0,0.4876
ns,1.0,10,3,23,23,80094.0,0.4839
ns,1.0,10,3,24,24,82860.0,0.4888
ns,1.0,10,3,25,25,77295.0,0.4841
ns,1.0,10,3,26,26,85653.0,0.4841
ns,1.0,10,3,27,27,78542.0,0.4826
ns,1.0,10,3,28,28,81728.0,0.4819
ns,1.0,10,3,29,29,81341.0,0.4899
ns,1.0,10,5,0,0,37690.0,0.4284
ns,1.0,10,5,1,1,35655.0,0.4248
ns,1.0,10,5,2,2,35461.0,0.419
ns,1.0,10,5,3,3,36767.0,0.423
ns,1.0,10,5,4,4,37309.0,0.4183
ns,1.0,10,5,5,5,35196.0,0.4199
ns,1.0,10,5,6,6,37188.0,0.4204
ns,1.0,10,5,7,7,36867.0,0.4274
ns,1.0,10,5,8,8,32168.0,0.421
ns,1.0,10,5,9,9,34817.0,0.4213
ns,1.0,10,5,10,10,33046.0,0.4201
ns,1.0,10,5,11,11,33297.0,0.4243
ns,1.0,10,5,12,12,34756.0,0.4216
ns,1.0,10,5,13,13,35655.0,0.4251
ns,1.0,10,5,14,14,35062.0,0.4251
ns,1.0,10,5,15,15,36265.0,0.419
ns,1.0,10,5,16,16,31266.0,0.4214
ns,1.0,10,5,17,17,36245.0,0.4192
ns,1.0,10,5,18,18,30893.0,0.4265
ns,1.0,10,5,19,19,37116.0,0.4186
ns,1.0,10,5,20,20,34433.0,0.4252
ns,1.0,10,5,21,21,32897.0,0.423
ns,1.0,10,5,22,22,34184.0,0.4245
ns,1.0,10,5,23,23,34463.0,0.4203
ns,1.0,10,5,24,24,33421.0,0.42
ns,1.0,10,5,25,25,32352.0,0.4254
ns,1.0,10,5,26,26,37026.0,0.4272
ns,1.0,10,5,27,27,33177.0,0.4204
ns,1.0,10,5,28,28,34108.0,0.4197
ns,1.0,10,5,29,29,35484.0,0.4215
ns,1.0,15,1,0,0,1439.0,0.4505
ns,1.0,15,1,1,1,1626.0,0.4386
ns,1.0,15,1,2,2,1486.0,0.4426
ns,1.0,15,1,3,3,1622.0,0.4394
ns,1.0,15,1,4,4,1473.0,0.4386
ns,1.0,15,1,5,5,1824.0,0.4451
ns,1.0,15,1,6,6,1427.0,0.4414
ns,1.0,15,1,7,7,1655.0,0.4389
ns,1.0,15,1,8,8,1671.0,0.4356
ns,1.0,15,1,9,9,1551.0,0.4369
ns,1.0,15,1,10,10,1736.0,0.4439
ns,1.0,15,1,11,11,1616.0,0.44
ns,1.0,15,1,12,12,1592.0,0.4327
ns,1.0,15,1,13,13,2050.0,0.4462
ns,1.0,15,1,14,14,1765.0,0.4378
ns,1.0,15,1,15,15,1873.0,0.4397
ns,1.0,15,1,16,16,1600.0,0.4399
ns,1.0,15,1,17,17,1551.0,0.4424
ns,1.0,15,1,18,18,1546.0,0.4451
ns,1.0,15,1,19,19,1388.0,0.4538
ns,1.0,15,1,20,20,1766.0,0.4827
ns,1.0,15,1,21,21,1623.0,0.4967
ns,1.0,15,1,22,22,1860.0,0.4407
ns,1.0,15,1,23,23,1424.0,0.4398
ns,1.0,15,1,24,24,2342.0,0.4426
ns,1.0,15,1,25,25,1828.0,0.4443
ns,1.0,15,1,26,26,1646.0,0.4468
ns,1.0,15,1,27,27,1738.0,0.4395
ns,1.0,15,1,28,28,1613.0,0.443
ns,1.0,15,1,29,29,1770.0,0.4602
ns,1.0,15,3,0,0,53811.0,0.5202
ns,1.0,15,3,1,1,55688.0,0.5119
ns,1.0,15,3,2,2,50608.0,0.5178
ns,1.0,15,3,3,3,50760.0,0.5167
ns,1.0,15,3,4,4,50992.0,0.5097
ns,1.0,15,3,5,5,54039.0,0.5176
ns,1.0,15,3,6,6,50123.0,0.5135
ns,1.0,15,3,7,7,57841.0,0.5129
ns,1.0,15,3,8,8,50884.0,0.5119
ns,1.0,15,3,9,9,47658.0,0.5142
ns,1.0,15,3,10,10,57587.0,0.5262
ns,1.0,15,3,11,11,47652.0,0.5109
ns,1.0,15,3,12,12,54814.0,0.5097
ns,1.0,15,3,13,13,49585.0,0.5092
ns,1.0,15,3,14,14,49004.0,0.5047
ns,1.0,15,3,15,15,51944.0,0.5132
ns,1.0,15,3,16,16,50888.0,0.5126
ns,1.0,15,3,17,17,51546.0,0.5027
ns,1.0,15,3,18,18,49325.0,0.5068
ns,1.0,15,3,19,19,51890.0,0.5002
ns,1.0,15,3,20,20,52894.0,0.5097
ns,1.0,15,3,21,21,52803.0,0.5028
ns,1.0,15,3,22,22,57043.0,0.5079
ns,1.0,15,3,23,23,47995.0,0.5046
ns,1.0,15,3,24,24,51601.0,0.5085
ns,1.0,15,3,25,25,50675.0,0.5016
ns,1.0,15,3,26,26,54069.0,0.5047
ns,1.0,15,3,27,27,54205.0,0.5063
ns,1.0,15,3,28,28,55732.0,0.5075
ns,1.0,15,3,29,29,51098.0,0.5072
ns,1.0,15,5,0,0,196628.0,0.5466
ns,1.0,15,5,1,1,195403.0,0.5512
ns,1.0,15,5,2,2,191751.0,0.5533
ns,1.0,15,5,3,3,187461.0,0.5537
ns,1.0,15,5,4,4,188425.0,0.5512
ns,1.0,15,5,5,5,182235.0,0.5492
ns,1.0,15,5,6,6,187184.0,0.5439
ns,1.0,15,5,7,7,195874.0,0.5422
ns,1.0,15,5,8,8,196513.0,0.54
ns,1.0,15,5,9,9,190001.0,0.5395
ns,1.0,15,5,10,10,200410.0,0.5499
ns,1.0,15,5,11,11,179247.0,0.5501
ns,1.0,15,5,12,12,204098.0,0.5635
ns,1.0,15,5,13,13,197667.0,0.5656
ns,1.0,15,5,14,14,199881.0,0.5545
ns,1.0,15,5,15,15,189539.0,0.5456
ns,1.0,15,5,16,16,179840.0,0.5427
ns,1.0,15,5,17,17,195282.0,0.538
ns,1.0,15,5,18,18,183055.0,0.5377
ns,1.0,15,5,19,19,193700.0,0.539
ns,1.0,15,5,20,20,193710.0,0.5452
ns,1.0,15,5,21,21,184729.0,0.5464
ns,1.0,15,5,22,22,200139.0,0.5555
ns,1.0,15,5,23,23,194888.0,0.5569
ns,1.0,15,5,24,24,185854.0,0.5644
ns,1.0,15,5,25,25,176628.0,0.5607
ns,1.0,15,5,26,26,197988.0,0.5446
ns,1.0,15,5,27,27,181664.0,0.5433
ns,1.0,15,5,28,28,195180.0,0.5343
ns,1.0,15,5,29,29,210102.0,0.5362
ns,1.0,20,1,0,0,2349.0,0.4626
ns,1.0,20,1,1,1,2781.0,0.4651
ns,1.0,20,1,2,2,2764.0,0.4663
ns,1.0,20,1,3,3,2677.0,0.458
ns,1.0,20,1,4,4,2512.0,0.4562
ns,1.0,20,1,5,5,2836.0,0.461
ns,1.0,20,1,6,6,3201.0,0.4602
ns,1.0,20,1,7,7,2732.0,0.4515
ns,1.0,20,1,8,8,2245.0,0.4637
ns,1.0,20,1,9,9,2577.0,0.46
ns,1.0,20,1,10,10,2339.0,0.4708
ns,1.0,20,1,11,11,2921.0,0.4597
ns,1.0,20,1,12,12,2254.0,0.4603
ns,1.0,20,1,13,13,2690.0,0.4664
ns,1.0,20,1,14,14,2434.0,0.4481
ns,1.0,20,1,15,15,2578.0,0.4581
ns,1.0,20,1,16,16,2627.0,0.4632
ns,1.0,20,1,17,17,2421.0,0.4565
ns,1.0,20,1,18,18,2171.0,0.4544
ns,1.0,20,1,19,19,2519.0,0.4626
ns,1.0,20,1,20,20,2710.0,0.4546
ns,1.0,20,1,21,21,2899.0,0.4567
ns,1.0,20,1,22,22,2489.0,0.4606
ns,1.0,20,1,23,23,2618.0,0.4538
ns,1.0,20,1,24,24,2519.0,0.4538
ns,1.0,20,1,25,25,2668.0,0.4576
ns,1.0,20,1,26,26,2355.0,0.4534
ns,1.0,20,1,27,27,2340.0,0.4515
ns,1.0,20,1,28,28,2840.0,0.4664
ns,1.0,20,1,29,29,2479.0,0.4568
ns,1.0,20,3,0,0,1628.0,0.4279
ns,1.0,20,3,1,1,1912.0,0.4241
ns,1.0,20,3,2,2,1835.0,0.4257
ns,1.0,20,3,3,3,1768.0,0.4207
ns,1.0,20,3,4,4,1641.0,0.4209
ns,1.0,20,3,5,5,1744.0,0.4261
ns,1.0,20,3,6,6,1800.0,0.4227
ns,1.0,20,3,7,7,1523.0,0.4239
ns,1.0,20,3,8,8,1618.0,0.422
ns,1.0,20,3,9,9,1754.0,0.4258
ns,1.0,20,3,10,10,1753.0,0.4251
ns,1.0,20,3,11,11,1411.0,0.4183
ns,1.0,20,3,12,12,1766.0,0.4219
ns,1.0,20,3,13,13,1627.0,0.4186
ns,1.0,20,3,14,14,1808.0,0.4252
ns,1.0,20,3,15,15,1729.0,0.426
ns,1.0,20,3,16,16,1564.0,0.4426
ns,1.0,20,3,17,17,1615.0,0.4463
ns,1.0,20,3,18,18,1798.0,0.4217
ns,1.0,20,3,19,19,1751.0,0.423
ns,1.0,20,3,20,20,1536.0,0.4237
ns,1.0,20,3,21,21,1577.0,0.4211
ns,1.0,20,3,22,22,1708.0,0.4196
ns,1.0,20,3,23,23,1848.0,0.4185
ns,1.0,20,3,24,24,1596.0,0.417
ns,1.0,20,3,25,25,1734.0,0.4262
ns,1.0,20,3,26,26,1801.0,0.4197
ns,1.0,20,3,27,27,1495.0,0.4174
ns,1.0,20,3,28,28,1465.0,0.4191
ns,1.0,20,3,29,29,1676.0,0.4216
ns,1.0,20,5,0,0,75687.0,0.5333
ns,1.0,20,5,1,1,76768.0,0.5309
ns,1.0,20,5,2,2,70973.0,0.5392
ns,1.0,20,5,3,3,80976.0,0.5346
ns,1.0,20,5,4,4,71220.0,0.5374
ns,1.0,20,5,5,5,82040.0,0.5459
ns,1.0,20,5,6,6,79401.0,0.5402
ns,1.0,20,5,7,7,73821.0,0.5339
ns,1.0,20,5,8,8,77185.0,0.5306
ns,1.0,20,5,9,9,70118.0,0.5288
ns,1.0,20,5,10,10,79212.0,0.5218
ns,1.0,20,5,11,11,78410.0,0.5184
ns,1.0,20,5,12,12,78938.0,0.5207
ns,1.0,20,5,13,13,71495.0,0.5236
ns,1.0,20,5,14,14,72376.0,0.526
ns,1.0,20,5,15,15,69041.0,0.5318
ns,1.0,20,5,16,16,71116.0,0.5372
ns,1.0,20,5,17,17,77484.0,0.5341
ns,1.0,20,5,18,18,68287.0,0.5344
ns,1.0,20,5,19,19,73244.0,0.5362
ns,1.0,20,5,20,20,75447.0,0.5479
ns,1.0,20,5,21,21,79488.0,0.5402
ns,1.0,20,5,22,22,74708.0,0.5489
ns,1.0,20,5,23,23,76706.0,0.5841
ns,1.0,20,5,24,24,80856.0,0.5782
ns,1.0,20,5,25,25,74599.0,0.5638
ns,1.0,20,5,26,26,77005.0,0.5342
ns,1.0,20,5,27,27,84306.0,0.5385
ns,1.0,20,5,28,28,87467.0,0.5253
ns,1.0,20,5,29,29,79569.0,0.5211
ns,1.5,10,1,0,0,274.0,0.5076
ns,1.5,10,1,1,1,116.0,0.4968
ns,1.5,10,1,2,2,108.0,0.5027
ns,1.5,10,1,3,3,90.0,0.4958
ns,1.5,10,1,4,4,425.0,0.4986
ns,1.5,10,1,5,5,26.0,0.4968
ns,1.5,10,1,6,6,8.0,0.5021
ns,1.5,10,1,7,7,86.0,0.5052
ns,1.5,10,1,8,8,124.0,0.4999
ns,1.5,10,1,9,9,20.0,0.4921
ns,1.5,10,1,10,10,117.0,0.5009
ns,1.5,10,1,11,11,210.0,0.5003
ns,1.5,10,1,12,12,26.0,0.498
ns,1.5,10,1,13,13,115.0,0.4963
ns,1.5,10,1,14,14,23.0,0.502
ns,1.5,10,1,15,15,186.0,0.505
ns,1.5,10,1,16,16,19.0,0.5029
ns,1.5,10,1,17,17,39.0,0.5135
ns,1.5,10,1,18,18,0.0,0.508
ns,1.5,10,1,19,19,40.0,0.5145
ns,1.5,10,1,20,20,13.0,0.4978
ns,1.5,10,1,21,21,8.0,0.5065
ns,1.5,10,1,22,22,17.0,0.5052
ns,1.5,10,1,23,23,76.0,0.5089
ns,1.5,10,1,24,24,27.0,0.5097
ns,1.5,10,1,25,25,0.0,0.4915
ns,1.5,10,1,26,26,215.0,0.5036
ns,1.5,10,1,27,27,52.0,0.5068
ns,1.5,10,1,28,28,151.0,0.5117
ns,1.5,10,1,29,29,139.0,0.5041
ns,1.5,10,3,0,0,52935.0,0.4921
ns,1.5,10,3,1,1,50168.0,0.4892
ns,1.5,10,3,2,2,51481.0,0.4968
ns,1.5,10,3,3,3,52906.0,0.496
ns,1.5,10,3,4,4,50037.0,0.4951
ns,1.5,10,3,5,5,50933.0,0.493
ns,1.5,10,3,6,6,57539.0,0.4889
ns,1.5,10,3,7,7,51597.0,0.498
ns,1.5,10,3,8,8,51378.0,0.4931
ns,1.5,10,3,9,9,53181.0,0.4982
ns,1.5,10,3,10,10,53450.0,0.4965
ns,1.5,10,3,11,11,51651.0,0.494
ns,1.5,10,3,12,12,57666.0,0.4991
ns,1.5,10,3,13,13,56899.0,0.4955
ns,1.5,10,3,14,14,51952.0,0.4998
ns,1.5,10,3,15,15,53859.0,0.4967
ns,1.5,10,3,16,16,53808.0,0.4963
ns,1.5,10,3,17,17,50783.0,0.4975
ns,1.5,10,3,18,18,51815.0,0.4921
ns,1.5,10,3,19,19,49519.0,0.4841
ns,1.5,10,3,20,20,52487.0,0.4846
ns,1.5,10,3,21,21,52548.0,0.4869
ns,1.5,10,3,22,22,56541.0,0.487
ns,1.5,10,3,23,23,49091.0,0.4855
ns,1.5,10,3,24,24,53646.0,0.4843
ns,1.5,10,3,25,25,52690.0,0.4811
ns,1.5,10,3,26,26,58117.0,0.4849
ns,1.5,10,3,27,27,55605.0,0.4872
ns,1.5,10,3,28,28,51583.0,0.4825
ns,1.5,10,3,29,29,49735.0,0.4827
ns,1.5,10,5,0,0,14293.0,0.4197
ns,1.5,10,5,1,1,15458.0,0.4217
ns,1.5,10,5,2,2,17409.0,0.4175
ns,1.5,10,5,3,3,16893.0,0.4197
ns,1.5,10,5,4,4,16355.0,0.4169
ns,1.5,10,5,5,5,15729.0,0.4213
ns,1.5,10,5,6,6,17908.0,0.4189
ns,1.5,10,5,7,7,12398.0,0.417
ns,1.5,10,5,8,8,15591.0,0.4212
ns,1.5,10,5,9,9,16179.0,0.4173
ns,1.5,10,5,10,10,20931.0,0.4239
ns,1.5,10,5,11,11,11043.0,0.4178
ns,1.5,10,5,12,12,16153.0,0.4176
ns,1.5,10,5,13,13,20485.0,0.4176
ns,1.5,10,5,14,14,15179.0,0.4087
ns,1.5,10,5,15,15,13623.0,0.4203
ns,1.5,10,5,16,16,14546.0,0.4201
ns,1.5,10,5,17,17,13476.0,0.4162
ns,1.5,10,5,18,18,11613.0,0.42
ns,1.5,10,5,19,19,14168.0,0.4205
ns,1.5,10,5,20,20,17427.0,0.4172
ns,1.5,10,5,21,21,15697.0,0.4192
ns,1.5,10,5,22,22,18963.0,0.4229
ns,1.5,10,5,23,23,18456.0,0.4234
ns,1.5,10,5,24,24,14370.0,0.4221
ns,1.5,10,5,25,25,13673.0,0.4136
ns,1.5,10,5,26,26,17640.0,0.4218
ns,1.5,10,5,27,27,14611.0,0.4179
ns,1.5,10,5,28,28,17880.0,0.4197
ns,1.5,10,5,29,29,15255.0,0.4183
ns,1.5,15,1,0,0,23.0,0.5007
ns,1.5,15,1,1,1,57.0,0.4872
ns,1.5,15,1,2,2,23.0,0.482
ns,1.5,15,1,3,3,12.0,0.4871
ns,1.5,15,1,4,4,0.0,0.4898
ns,1.5,15,1,5,5,11.0,0.4903
ns,1.5,15,1,6,6,22.0,0.4842
ns,1.5,15,1,7,7,0.0,0.4961
ns,1.5,15,1,8,8,51.0,0.4989
ns,1.5,15,1,9,9,40.0,0.488
ns,1.5,15,1,10,10,46.0,0.4814
ns,1.5,15,1,11,11,0.0,0.4951
ns,1.5,15,1,12,12,102.0,0.4931
ns,1.5,15,1,13,13,54.0,0.4938
ns,1.5,15,1,14,14,53.0,0.4885
ns,1.5,15,1,15,15,52.0,0.4892
ns,1.5,15,1,16,16,22.0,0.4881
ns,1.5,15,1,17,17,6.0,0.4914
ns,1.5,15,1,18,18,0.0,0.4962
ns,1.5,15,1,19,19,1.0,0.4916
ns,1.5,15,1,20,20,8.0,0.4952
ns,1.5,15,1,21,21,17.0,0.4885
ns,1.5,15,1,22,22,31.0,0.4815
ns,1.5,15,1,23,23,11.0,0.4978
ns,1.5,15,1,24,24,34.0,0.4904
ns,1.5,15,1,25,25,0.0,0.4857
ns,1.5,15,1,26,26,29.0,0.5004
ns,1.5,15,1,27,27,34.0,0.4903
ns,1.5,15,1,28,28,23.0,0.4874
ns,1.5,15,1,29,29,1.0,0.4895
ns,1.5,15,3,0,0,19534.0,0.5145
ns,1.5,15,3,1,1,21734.0,0.5127
ns,1.5,15,3,2,2,19290.0,0.5169
ns,1.5,15,3,3,3,21206.0,0.5177
ns,1.5,15,3,4,4,20018.0,0.5228
ns,1.5,15,3,5,5,19236.0,0.5224
ns,1.5,15,3,6,6,22695.0,0.516
ns,1.5,15,3,7,7,23334.0,0.5113
ns,1.5,15,3,8,8,21592.0,0.5241
ns,1.5,15,3,9,9,23689.0,0.5215
ns,1.5,15,3,10,10,22023.0,0.5324
ns,1.5,15,3,11,11,22084.0,0.5221
ns,1.5,15,3,12,12,21291.0,0.5283
ns,1.5,15,3,13,13,21771.0,0.5225
ns,1.5,15,3,14,14,22479.0,0.5229
ns,1.5,15,3,15,15,19474.0,0.5222
ns,1.5,15,3,16,16,20961.0,0.5055
ns,1.5,15,3,17,17,21456.0,0.5131
ns,1.5,15,3,18,18,19156.0,0.507
ns,1.5,15,3,19,19,18765.0,0.5101
ns,1.5,15,3,20,20,21885.0,0.5118
ns,1.5,15,3,21,21,20885.0,0.5069
ns,1.5,15,3,22,22,22768.0,0.5026
ns,1.5,15,3,23,23,24435.0,0.5048
ns,1.5,15,3,24,24,17509.0,0.5006
ns,1.5,15,3,25,25,19513.0,0.5021
ns,1.5,15,3,26,26,23108.0,0.5062
ns,1.5,15,3,27,27,22856.0,0.5016
ns,1.5,15,3,28,28,22230.0,0.5052
ns,1.5,15,3,29,29,22825.0,0.513
ns,1.5,15,5,0,0,113806.0,0.5163
ns,1.5,15,5,1,1,120862.0,0.515
ns,1.5,15,5,2,2,116667.0,0.5242
ns,1.5,15,5,3,3,112686.0,0.5235
ns,1.5,15,5,4,4,121885.0,0.5231
ns,1.5,15,5,5,5,112549.0,0.5273
ns,1.5,15,5,6,6,119720.0,0.5259
ns,1.5,15,5,7,7,125077.0,0.5276
ns,1.5,15,5,8,8,118973.0,0.5352
ns,1.5,15,5,9,9,116991.0,0.5269
ns,1.5,15,5,10,10,124309.0,0.5281
ns,1.5,15,5,11,11,116190.0,0.5259
ns,1.5,15,5,12,12,127122.0,0.5209
ns,1.5,15,5,13,13,110625.0,0.5186
ns,1.5,15,5,14,14,115735.0,0.52
ns,1.5,15,5,15,15,111213.0,0.5167
ns,1.5,15,5,16,16,119369.0,0.5135
ns,1.5,15,5,17,17,120966.0,0.5105
ns,1.5,15,5,18,18,116097.0,0.5074
ns,1.5,15,5,19,19,124090.0,0.5134
ns,1.5,15,5,20,20,125267.0,0.5122
ns,1.5,15,5,21,21,113723.0,0.5106
ns,1.5,15,5,22,22,124351.0,0.5135
ns,1.5,15,5,23,23,123171.0,0.5264
ns,1.5,15,5,24,24,114572.0,0.5163
ns,1.5,15,5,25,25,116781.0,0.525
ns,1.5,15,5,26,26,123557.0,0.5312
ns,1.5,15,5,27,27,116645.0,0.526
ns,1.5,15,5,28,28,117622.0,0.5251
ns,1.5,15,5,29,29,117780.0,0.5294
ns,1.5,20,1,0,0,187.0,0.4669
ns,1.5,20,1,1,1,129.0,0.464
ns,1.5,20,1,2,2,149.0,0.4594
ns,1.5,20,1,3,3,172.0,0.4627
ns,1.5,20,1,4,4,174.0,0.4602
ns,1.5,20,1,5,5,205.0,0.4684
ns,1.5,20,1,6,6,290.0,0.4545
ns,1.5,20,1,7,7,198.0,0.463
ns,1.5,20,1,8,8,347.0,0.4558
ns,1.5,20,1,9,9,234.0,0.4594
ns,1.5,20,1,10,10,131.0,0.4651
ns,1.5,20,1,11,11,136.0,0.4669
ns,1.5,20,1,12,12,277.0,0.4609
ns,1.5,20,1,13,13,372.0,0.4582
ns,1.5,20,1,14,14,275.0,0.4576
ns,1.5,20,1,15,15,121.0,0.4662
ns,1.5,20,1,16,16,199.0,0.4651
ns,1.5,20,1,17,17,144.0,0.4657
ns,1.5,20,1,18,18,236.0,0.4617
ns,1.5,20,1,19,19,261.0,0.4588
ns,1.5,20,1,20,20,163.0,0.4597
ns,1.5,20,1,21,21,237.0,0.456
ns,1.5,20,1,22,22,294.0,0.455
ns,1.5,20,1,23,23,219.0,0.4634
ns,1.5,20,1,24,24,357.0,0.4661
ns,1.5,20,1,25,25,220.0,0.465
ns,1.5,20,1,26,26,122.0,0.4632
ns,1.5,20,1,27,27,153.0,0.4478
ns,1.5,20,1,28,28,263.0,0.4553
ns,1.5,20,1,29,29,180.0,0.4589
ns,1.5,20,3,0,0,1504.0,0.4263
ns,1.5,20,3,1,1,872.0,0.4185
ns,1.5,20,3,2,2,1047.0,0.4262
ns,1.5,20,3,3,3,1149.0,0.4248
ns,1.5,20,3,4,4,1451.0,0.4293
ns,1.5,20,3,5,5,1215.0,0.4307
ns,1.5,20,3,6,6,1654.0,0.4217
ns,1.5,20,3,7,7,1311.0,0.4272
ns,1.5,20,3,8,8,1346.0,0.4278
ns,1.5,20,3,9,9,1339.0,0.4229
ns,1.5,20,3,10,10,1245.0,0.4275
ns,1.5,20,3,11,11,1630.0,0.4253
ns,1.5,20,3,12,12,1345.0,0.4309
ns,1.5,20,3,13,13,1328.0,0.4238
ns,1.5,20,3,14,14,1644.0,0.4296
ns,1.5,20,3,15,15,1235.0,0.4207
ns,1.5,20,3,16,16,1261.0,0.4293
ns,1.5,20,3,17,17,1316.0,0.4263
ns,1.5,20,3,18,18,1696.0,0.4266
ns,1.5,20,3,19,19,1185.0,0.4205
ns,1.5,20,3,20,20,1202.0,0.4244
ns,1.5,20,3,21,21,1119.0,0.4253
ns,1.5,20,3,22,22,1144.0,0.4239
ns,1.5,20,3,23,23,1525.0,0.4258
ns,1.5,20,3,24,24,1215.0,0.4234
ns,1.5,20,3,25,25,1563.0,0.426
ns,1.5,20,3,26,26,1433.0,0.4299
ns,1.5,20,3,27,27,1289.0,0.4227
ns,1.5,20,3,28,28,1449.0,0.4262
ns,1.5,20,3,29,29,1111.0,0.4291
ns,1.5,20,5,0,0,5642.0,0.4282
ns,1.5,20,5,1,1,4650.0,0.4248
ns,1.5,20,5,2,2,5081.0,0.4238
ns,1.5,20,5,3,3,4293.0,0.4265
ns,1.5,20,5,4,4,5096.0,0.4248
ns,1.5,20,5,5,5,4818.0,0.4223
ns,1.5,20,5,6,6,3802.0,0.4217
ns,1.5,20,5,7,7,4749.0,0.419
ns,1.5,20,5,8,8,5682.0,0.4233
ns,1.5,20,5,9,9,4612.0,0.4291
ns,1.5,20,5,10,10,5280.0,0.4252
ns,1.5,20,5,11,11,5210.0,0.4209
ns,1.5,20,5,12,12,4170.0,0.4205
ns,1.5,20,5,13,13,4943.0,0.4239
ns,1.5,20,5,14,14,4476.0,0.4147
ns,1.5,20,5,15,15,4740.0,0.4205
ns,1.5,20,5,16,16,4482.0,0.4225
ns,1.5,20,5,17,17,4828.0,0.4186
ns,1.5,20,5,18,18,4410.0,0.4208
ns,1.5,20,5,19,19,6067.0,0.4243
ns,1.5,20,5,20,20,5482.0,0.4251
ns,1.5,20,5,21,21,4770.0,0.422
ns,1.5,20,5,22,22,4264.0,0.4208
ns,1.5,20,5,23,23,4081.0,0.4236
ns,1.5,20,5,24,24,5409.0,0.425
ns,1.5,20,5,25,25,5726.0,0.4217
ns,1.5,20,5,26,26,6516.0,0.4282
ns,1.5,20,5,27,27,4615.0,0.4299
ns,1.5,20,5,28,28,4367.0,0.4251
ns,1.5,20,5,29,29,4020.0,0.4244
nf,0.5,10,1,0,0,8471,0.4502
nf,0.5,10,1,1,1,8297,0.4475
nf,0.5,10,1,2,2,8780,0.449
nf,0.5,10,1,3,3,8510,0.4422
nf,0.5,10,1,4,4,9382,0.4365
nf,0.5,10,1,5,5,8684,0.4559
nf,0.5,10,1,6,6,9118,0.4429
nf,0.5,10,1,7,7,9657,0.4286
nf,0.5,10,1,8,8,8899,0.4385
nf,0.5,10,1,9,9,8818,0.454
nf,0.5,10,1,10,10,8729,0.4396
nf,0.5,10,1,11,11,8544,0.4449
nf,0.5,10,1,12,12,8724,0.448
nf,0.5,10,1,13,13,8848,0.4358
nf,0.5,10,1,14,14,8864,0.4383
nf,0.5,10,1,15,15,8729,0.4475
nf,0.5,10,1,16,16,8824,0.4298
nf,0.5,10,1,17,17,9040,0.4312
nf,0.5,10,1,18,18,8644,0.4348
nf,0.5,10,1,19,19,8930,0.4463
nf,0.5,10,1,20,20,8796,0.4362
nf,0.5,10,1,21,21,8389,0.4321
nf,0.5,10,1,22,22,8996,0.4364
nf,0.5,10,1,23,23,8620,0.4389
nf,0.5,10,1,24,24,8480,0.4466
nf,0.5,10,1,25,25,8709,0.4391
nf,0.5,10,1,26,26,8517,0.4423
nf,0.5,10,1,27,27,9095,0.4303
nf,0.5,10,1,28,28,8844,0.4375
nf,0.5,10,1,29,29,8227,0.4267
nf,0.5,10,3,0,0,151110,0.4649
nf,0.5,10,3,1,1,154842,0.4665
nf,0.5,10,3,2,2,149774,0.4831
nf,0.5,10,3,3,3,146959,0.4829
nf,0.5,10,3,4,4,144974,0.4778
nf,0.5,10,3,5,5,143570,0.479
nf,0.5,10,3,6,6,150937,0.4858
nf,0.5,10,3,7,7,143717,0.485
nf,0.5,10,3,8,8,144453,0.485
nf,0.5,10,3,9,9,148595,0.4783
nf,0.5,10,3,10,10,149047,0.4695
nf,0.5,10,3,11,11,147283,0.4852
nf,0.5,10,3,12,12,146796,0.4782
nf,0.5,10,3,13,13,153171,0.4868
nf,0.5,10,3,14,14,152945,0.4374
nf,0.5,10,3,15,15,152858,0.4327
nf,0.5,10,3,16,16,153533,0.4374
nf,0.5,10,3,17,17,147069,0.4645
nf,0.5,10,3,18,18,147541,0.4774
nf,0.5,10,3,19,19,144035,0.4602
nf,0.5,10,3,20,20,148531,0.4825
nf,0.5,10,3,21,21,147917,0.4576
nf,0.5,10,3,22,22,147670,0.4592
nf,0.5,10,3,23,23,146698,0.454
nf,0.5,10,3,24,24,146373,0.4558
nf,0.5,10,3,25,25,144845,0.4762
nf,0.5,10,3,26,26,150626,0.449
nf,0.5,10,3,27,27,148304,0.4511
nf,0.5,10,3,28,28,145202,0.4395
nf,0.5,10,3,29,29,150981,0.4349
nf,0.5,10,5,0,0,474816,0.44
nf,0.5,10,5,1,1,485362,0.4445
nf,0.5,10,5,2,2,474178,0.4573
nf,0.5,10,5,3,3,474165,0.4429
nf,0.5,10,5,4,4,466483,0.4387
nf,0.5,10,5,5,5,476291,0.4492
nf,0.5,10,5,6,6,482419,0.4419
nf,0.5,10,5,7,7,478316,0.4368
nf,0.5,10,5,8,8,482926,0.4359
nf,0.5,10,5,9,9,479004,0.4416
nf,0.5,10,5,10,10,474015,0.4462
nf,0.5,10,5,11,11,491140,0.4361
nf,0.5,10,5,12,12,480787,0.4376
nf,0.5,10,5,13,13,477963,0.4399
nf,0.5,10,5,14,14,470813,0.4409
nf,0.5,10,5,15,15,481414,0.4306
nf,0.5,10,5,16,16,478281,0.4379
nf,0.5,10,5,17,17,471815,0.4405
nf,0.5,10,5,18,18,462765,0.4421
nf,0.5,10,5,19,19,475042,0.4327
nf,0.5,10,5,20,20,479250,0.438
nf,0.5,10,5,21,21,469117,0.4418
nf,0.5,10,5,22,22,468731,0.4403
nf,0.5,10,5,23,23,476814,0.4285
nf,0.5,10,5,24,24,461694,0.4389
nf,0.5,10,5,25,25,478087,0.441
nf,0.5,10,5,26,26,479464,0.4423
nf,0.5,10,5,27,27,475200,0.4413
nf,0.5,10,5,28,28,479065,0.4451
nf,0.5,10,5,29,29,467346,0.4475
nf,0.5,15,1,0,0,12918,0.4414
nf,0.5,15,1,1,1,13125,0.4373
nf,0.5,15,1,2,2,13082,0.4368
nf,0.5,15,1,3,3,13528,0.4297
nf,0.5,15,1,4,4,12280,0.4157
nf,0.5,15,1,5,5,12310,0.4189
nf,0.5,15,1,6,6,12205,0.4213
nf,0.5,15,1,7,7,12725,0.4251
nf,0.5,15,1,8,8,12387,0.4252
nf,0.5,15,1,9,9,13024,0.4344
nf,0.5,15,1,10,10,13163,0.4272
nf,0.5,15,1,11,11,12578,0.4303
nf,0.5,15,1,12,12,12485,0.4277
nf,0.5,15,1,13,13,12826,0.431
nf,0.5,15,1,14,14,12452,0.4316
nf,0.5,15,1,15,15,12562,0.4404
nf,0.5,15,1,16,16,11727,0.4355
nf,0.5,15,1,17,17,13036,0.4407
nf,0.5,15,1,18,18,13443,0.4362
nf,0.5,15,1,19,19,12991,0.4348
nf,0.5,15,1,20,20,12680,0.4359
nf,0.5,15,1,21,21,12766,0.4774
nf,0.5,15,1,22,22,13026,0.4523
nf,0.5,15,1,23,23,12859,0.4446
nf,0.5,15,1,24,24,12659,0.4439
nf,0.5,15,1,25,25,12557,0.441
nf,0.5,15,1,26,26,12773,0.4552
nf,0.5,15,1,27,27,13069,0.4398
nf,0.5,15,1,28,28,12845,0.4259
nf,0.5,15,1,29,29,12993,0.4346
nf,0.5,15,3,0,0,70187,0.4399
nf,0.5,15,3,1,1,72200,0.4371
nf,0.5,15,3,2,2,72239,0.4317
nf,0.5,15,3,3,3,69919,0.4329
nf,0.5,15,3,4,4,72413,0.4391
nf,0.5,15,3,5,5,71136,0.4387
nf,0.5,15,3,6,6,70330,0.443
nf,0.5,15,3,7,7,72006,0.4373
nf,0.5,15,3,8,8,69391,0.4217
nf,0.5,15,3,9,9,73463,0.4222
nf,0.5,15,3,10,10,69058,0.4341
nf,0.5,15,3,11,11,71639,0.4308
nf,0.5,15,3,12,12,69812,0.4377
nf,0.5,15,3,13,13,70675,0.4367
nf,0.5,15,3,14,14,72659,0.4308
nf,0.5,15,3,15,15,70695,0.4378
nf,0.5,15,3,16,16,71888,0.4439
nf,0.5,15,3,17,17,72034,0.4285
nf,0.5,15,3,18,18,70257,0.417
nf,0.5,15,3,19,19,67183,0.4357
nf,0.5,15,3,20,20,72204,0.4299
nf,0.5,15,3,21,21,69320,0.4315
nf,0.5,15,3,22,22,67726,0.4421
nf,0.5,15,3,23,23,70470,0.4389
nf,0.5,15,3,24,24,69029,0.442
nf,0.5,15,3,25,25,68214,0.4479
nf,0.5,15,3,26,26,71702,0.4334
nf,0.5,15,3,27,27,70526,0.4193
nf,0.5,15,3,28,28,71625,0.4284
nf,0.5,15,3,29,29,68938,0.4314
nf,0.5,15,5,0,0,263421,0.4464
nf,0.5,15,5,1,1,264421,0.4405
nf,0.5,15,5,2,2,255578,0.4311
nf,0.5,15,5,3,3,255232,0.4387
nf,0.5,15,5,4,4,257280,0.4385
nf,0.5,15,5,5,5,257969,0.4385
nf,0.5,15,5,6,6,262685,0.4295
nf,0.5,15,5,7,7,262995,0.4383
nf,0.5,15,5,8,8,265528,0.4377
nf,0.5,15,5,9,9,262255,0.4393
nf,0.5,15,5,10,10,251408,0.4305
nf,0.5,15,5,11,11,256996,0.4291
nf,0.5,15,5,12,12,254473,0.4297
nf,0.5,15,5,13,13,256472,0.4345
nf,0.5,15,5,14,14,259031,0.4299
nf,0.5,15,5,15,15,258673,0.4349
nf,0.5,15,5,16,16,259584,0.44
nf,0.5,15,5,17,17,255266,0.44
nf,0.5,15,5,18,18,252708,0.4361
nf,0.5,15,5,19,19,259530,0.4392
nf,0.5,15,5,20,20,264006,0.441
nf,0.5,15,5,21,21,266677,0.4432
nf,0.5,15,5,22,22,263118,0.4339
nf,0.5,15,5,23,23,258006,0.4395
nf,0.5,15,5,24,24,260159,0.443
nf,0.5,15,5,25,25,260018,0.4467
nf,0.5,15,5,26,26,252906,0.4458
nf,0.5,15,5,27,27,265014,0.4502
nf,0.5,15,5,28,28,253467,0.4508
nf,0.5,15,5,29,29,255983,0.4501
nf,0.5,20,1,0,0,14236,0.4547
nf,0.5,20,1,1,1,13719,0.4601
nf,0.5,20,1,2,2,14045,0.4621
nf,0.5,20,1,3,3,14224,0.458
nf,0.5,20,1,4,4,14462,0.4546
nf,0.5,20,1,5,5,14323,0.4557
nf,0.5,20,1,6,6,14214,0.4598
nf,0.5,20,1,7,7,14093,0.4612
nf,0.5,20,1,8,8,14426,0.4523
nf,0.5,20,1,9,9,13638,0.4558
nf,0.5,20,1,10,10,13705,0.4552
nf,0.5,20,1,11,11,14252,0.4499
nf,0.5,20,1,12,12,13787,0.4504
nf,0.5,20,1,13,13,13611,0.4544
nf,0.5,20,1,14,14,13533,0.4555
nf,0.5,20,1,15,15,14791,0.4519
nf,0.5,20,1,16,16,13872,0.4569
nf,0.5,20,1,17,17,14234,0.4527
nf,0.5,20,1,18,18,14658,0.4575
nf,0.5,20,1,19,19,14154,0.4585
nf,0.5,20,1,20,20,14051,0.4555
nf,0.5,20,1,21,21,13975,0.4577
nf,0.5,20,1,22,22,14049,0.4587
nf,0.5,20,1,23,23,14557,0.4458
nf,0.5,20,1,24,24,14624,0.4488
nf,0.5,20,1,25,25,14854,0.4652
nf,0.5,20,1,26,26,13898,0.4622
nf,0.5,20,1,27,27,14084,0.4614
nf,0.5,20,1,28,28,14538,0.4733
nf,0.5,20,1,29,29,13545,0.4826
nf,0.5,20,3,0,0,97314,0.4627
nf,0.5,20,3,1,1,96647,0.4584
nf,0.5,20,3,2,2,97093,0.4797
nf,0.5,20,3,3,3,98724,0.4831
nf,0.5,20,3,4,4,100557,0.4803
nf,0.5,20,3,5,5,97313,0.4792
nf,0.5,20,3,6,6,98766,0.4976
nf,0.5,20,3,7,7,98402,0.4784
nf,0.5,20,3,8,8,97021,0.4655
nf,0.5,20,3,9,9,98571,0.4644
nf,0.5,20,3,10,10,96190,0.4706
nf,0.5,20,3,11,11,96738,0.4669
nf,0.5,20,3,12,12,94708,0.462
nf,0.5,20,3,13,13,97644,0.4753
nf,0.5,20,3,14,14,95048,0.4693
nf,0.5,20,3,15,15,101213,0.4666
nf,0.5,20,3,16,16,98493,0.466
nf,0.5,20,3,17,17,98708,0.4731
nf,0.5,20,3,18,18,93752,0.4664
nf,0.5,20,3,19,19,98508,0.4585
nf,0.5,20,3,20,20,98341,0.4553
nf,0.5,20,3,21,21,97284,0.4558
nf,0.5,20,3,22,22,98752,0.4626
nf,0.5,20,3,23,23,98032,0.4623
nf,0.5,20,3,24,24,99442,0.4716
nf,0.5,20,3,25,25,99489,0.4662
nf,0.5,20,3,26,26,98259,0.4723
nf,0.5,20,3,27,27,99168,0.4743
nf,0.5,20,3,28,28,94093,0.4741
nf,0.5,20,3,29,29,98146,0.4695
nf,0.5,20,5,0,0,32831,0.4233
nf,0.5,20,5,1,1,31209,0.422
nf,0.5,20,5,2,2,32304,0.4194
nf,0.5,20,5,3,3,33685,0.4159
nf,0.5,20,5,4,4,32037,0.4199
nf,0.5,20,5,5,5,32241,0.4224
nf,0.5,20,5,6,6,32876,0.4192
nf,0.5,20,5,7,7,33541,0.4179
nf,0.5,20,5,8,8,32956,0.4177
nf,0.5,20,5,9,9,31111,0.4168
nf,0.5,20,5,10,10,33001,0.4171
nf,0.5,20,5,11,11,34440,0.4151
nf,0.5,20,5,12,12,33188,0.4169
nf,0.5,20,5,13,13,30498,0.4137
nf,0.5,20,5,14,14,32731,0.4095
nf,0.5,20,5,15,15,32455,0.4092
nf,0.5,20,5,16,16,30940,0.4096
nf,0.5,20,5,17,17,32894,0.4203
nf,0.5,20,5,18,18,31556,0.4159
nf,0.5,20,5,19,19,32114,0.4232
nf,0.5,20,5,20,20,32844,0.4176
nf,0.5,20,5,21,21,33346,0.4183
nf,0.5,20,5,22,22,32405,0.4204
nf,0.5,20,5,23,23,35642,0.4173
nf,0.5,20,5,24,24,33011,0.4279
nf,0.5,20,5,25,25,32998,0.4206
nf,0.5,20,5,26,26,31751,0.457
nf,0.5,20,5,27,27,33371,0.4301
nf,0.5,20,5,28,28,32912,0.4283
nf,0.5,20,5,29,29,32050,0.4305
nf,1.0,10,1,0,0,11115,0.4482
nf,1.0,10,1,1,1,11471,0.4514
nf,1.0,10,1,2,2,12252,0.4415
nf,1.0,10,1,3,3,11887,0.4377
nf,1.0,10,1,4,4,13123,0.4373
nf,1.0,10,1,5,5,11498,0.4556
nf,1.0,10,1,6,6,12133,0.4562
nf,1.0,10,1,7,7,11855,0.4475
nf,1.0,10,1,8,8,12816,0.4376
nf,1.0,10,1,9,9,13849,0.4468
nf,1.0,10,1,10,10,11866,0.4429
nf,1.0,10,1,11,11,12431,0.4605
nf,1.0,10,1,12,12,12177,0.4539
nf,1.0,10,1,13,13,12105,0.4575
nf,1.0,10,1,14,14,11453,0.4556
nf,1.0,10,1,15,15,11615,0.4516
nf,1.0,10,1,16,16,12477,0.4475
nf,1.0,10,1,17,17,11699,0.4426
nf,1.0,10,1,18,18,11366,0.4341
nf,1.0,10,1,19,19,12200,0.434
nf,1.0,10,1,20,20,11147,0.443
nf,1.0,10,1,21,21,12085,0.4563
nf,1.0,10,1,22,22,11491,0.4576
nf,1.0,10,1,23,23,12246,0.4495
nf,1.0,10,1,24,24,12633,0.446
nf,1.0,10,1,25,25,11725,0.4414
nf,1.0,10,1,26,26,11983,0.4562
nf,1.0,10,1,27,27,12453,0.4644
nf,1.0,10,1,28,28,11812,0.4558
nf,1.0,10,1,29,29,11283,0.4591
nf,1.0,10,3,0,0,151106,0.4469
nf,1.0,10,3,1,1,146992,0.4337
nf,1.0,10,3,2,2,151914,0.4472
nf,1.0,10,3,3,3,151545,0.4422
nf,1.0,10,3,4,4,151487,0.4436
nf,1.0,10,3,5,5,148236,0.4451
nf,1.0,10,3,6,6,146449,0.4381
nf,1.0,10,3,7,7,149913,0.4338
nf,1.0,10,3,8,8,148439,0.4441
nf,1.0,10,3,9,9,151797,0.4418
nf,1.0,10,3,10,10,152496,0.445
nf,1.0,10,3,11,11,149633,0.4431
nf,1.0,10,3,12,12,150037,0.4356
nf,1.0,10,3,13,13,144034,0.4396
nf,1.0,10,3,14,14,153491,0.4379
nf,1.0,10,3,15,15,151369,0.4443
nf,1.0,10,3,16,16,152689,0.4425
nf,1.0,10,3,17,17,151745,0.4287
nf,1.0,10,3,18,18,148378,0.4168
nf,1.0,10,3,19,19,146568,0.4343
nf,1.0,10,3,20,20,155466,0.4431
nf,1.0,10,3,21,21,145261,0.4399
nf,1.0,10,3,22,22,147417,0.4431
nf,1.0,10,3,23,23,155710,0.4365
nf,1.0,10,3,24,24,149724,0.4429
nf,1.0,10,3,25,25,148671,0.4425
nf,1.0,10,3,26,26,146325,0.4559
nf,1.0,10,3,27,27,149722,0.4508
nf,1.0,10,3,28,28,151494,0.448
nf,1.0,10,3,29,29,150589,0.4372
nf,1.0,10,5,0,0,47120,0.4096
nf,1.0,10,5,1,1,50019,0.4094
nf,1.0,10,5,2,2,52617,0.4047
nf,1.0,10,5,3,3,50414,0.4139
nf,1.0,10,5,4,4,51023,0.4129
nf,1.0,10,5,5,5,51379,0.4148
nf,1.0,10,5,6,6,52867,0.4182
nf,1.0,10,5,7,7,55695,0.4097
nf,1.0,10,5,8,8,51364,0.4175
nf,1.0,10,5,9,9,49715,0.4136
nf,1.0,10,5,10,10,51682,0.42
nf,1.0,10,5,11,11,49243,0.4335
nf,1.0,10,5,12,12,51065,0.4452
nf,1.0,10,5,13,13,54009,0.4477
nf,1.0,10,5,14,14,54176,0.4189
nf,1.0,10,5,15,15,54992,0.4187
nf,1.0,10,5,16,16,54331,0.4265
nf,1.0,10,5,17,17,51909,0.4335
nf,1.0,10,5,18,18,49056,0.4252
nf,1.0,10,5,19,19,48509,0.4193
nf,1.0,10,5,20,20,50636,0.4109
nf,1.0,10,5,21,21,50987,0.4153
nf,1.0,10,5,22,22,51737,0.4142
nf,1.0,10,5,23,23,50378,0.4202
nf,1.0,10,5,24,24,52369,0.4202
nf,1.0,10,5,25,25,53453,0.4199
nf,1.0,10,5,26,26,51429,0.4251
nf,1.0,10,5,27,27,50387,0.4248
nf,1.0,10,5,28,28,53743,0.421
nf,1.0,10,5,29,29,50498,0.4285
nf,1.0,15,1,0,0,3858,0.4252
nf,1.0,15,1,1,1,3428,0.4159
nf,1.0,15,1,2,2,3934,0.432
nf,1.0,15,1,3,3,3306,0.4322
nf,1.0,15,1,4,4,3559,0.4245
nf,1.0,15,1,5,5,3417,0.4164
nf,1.0,15,1,6,6,3571,0.4273
nf,1.0,15,1,7,7,3657,0.4225
nf,1.0,15,1,8,8,3432,0.427
nf,1.0,15,1,9,9,3024,0.4173
nf,1.0,15,1,10,10,3463,0.4134
nf,1.0,15,1,11,11,3521,0.4275
nf,1.0,15,1,12,12,3545,0.4261
nf,1.0,15,1,13,13,3567,0.4226
nf,1.0,15,1,14,14,3383,0.4248
nf,1.0,15,1,15,15,3429,0.4173
nf,1.0,15,1,16,16,3510,0.4213
nf,1.0,15,1,17,17,3301,0.4311
nf,1.0,15,1,18,18,3670,0.424
nf,1.0,15,1,19,19,3305,0.4131
nf,1.0,15,1,20,20,3532,0.4109
nf,1.0,15,1,21,21,3544,0.4096
nf,1.0,15,1,22,22,3635,0.411
nf,1.0,15,1,23,23,3476,0.4073
nf,1.0,15,1,24,24,3517,0.4128
nf,1.0,15,1,25,25,3550,0.4087
nf,1.0,15,1,26,26,3657,0.4116
nf,1.0,15,1,27,27,3687,0.4186
nf,1.0,15,1,28,28,3491,0.4142
nf,1.0,15,1,29,29,3321,0.4144
nf,1.0,15,3,0,0,109721,0.4414
nf,1.0,15,3,1,1,110442,0.4368
nf,1.0,15,3,2,2,110389,0.4398
nf,1.0,15,3,3,3,107726,0.4398
nf,1.0,15,3,4,4,112307,0.4379
nf,1.0,15,3,5,5,107021,0.4512
nf,1.0,15,3,6,6,110867,0.4591
nf,1.0,15,3,7,7,106355,0.4565
nf,1.0,15,3,8,8,110772,0.4502
nf,1.0,15,3,9,9,108784,0.4577
nf,1.0,15,3,10,10,107727,0.4565
nf,1.0,15,3,11,11,107434,0.4567
nf,1.0,15,3,12,12,112999,0.4544
nf,1.0,15,3,13,13,109040,0.453
nf,1.0,15,3,14,14,108899,0.4556
nf,1.0,15,3,15,15,111633,0.4518
nf,1.0,15,3,16,16,108037,0.4522
nf,1.0,15,3,17,17,106135,0.4404
nf,1.0,15,3,18,18,107271,0.45
nf,1.0,15,3,19,19,110863,0.4458
nf,1.0,15,3,20,20,108651,0.4545
nf,1.0,15,3,21,21,109374,0.443
nf,1.0,15,3,22,22,110863,0.4438
nf,1.0,15,3,23,23,110838,0.4448
nf,1.0,15,3,24,24,108268,0.4394
nf,1.0,15,3,25,25,107888,0.4351
nf,1.0,15,3,26,26,110030,0.4342
nf,1.0,15,3,27,27,110048,0.441
nf,1.0,15,3,28,28,110447,0.449
nf,1.0,15,3,29,29,112560,0.4612
nf,1.0,15,5,0,0,475651,0.4677
nf,1.0,15,5,1,1,488978,0.469
nf,1.0,15,5,2,2,482169,0.4681
nf,1.0,15,5,3,3,483766,0.469
nf,1.0,15,5,4,4,486374,0.4569
nf,1.0,15,5,5,5,485713,0.4484
nf,1.0,15,5,6,6,473201,0.4539
nf,1.0,15,5,7,7,487743,0.468
nf,1.0,15,5,8,8,487388,0.4799
nf,1.0,15,5,9,9,476917,0.4769
nf,1.0,15,5,10,10,483987,0.4934
nf,1.0,15,5,11,11,491744,0.48
nf,1.0,15,5,12,12,485503,0.4764
nf,1.0,15,5,13,13,481290,0.4825
nf,1.0,15,5,14,14,483057,0.4793
nf,1.0,15,5,15,15,477631,0.4794
nf,1.0,15,5,16,16,481287,0.4808
nf,1.0,15,5,17,17,489119,0.4839
nf,1.0,15,5,18,18,488064,0.4768
nf,1.0,15,5,19,19,476962,0.482
nf,1.0,15,5,20,20,487129,0.4927
nf,1.0,15,5,21,21,485975,0.492
nf,1.0,15,5,22,22,483173,0.4922
nf,1.0,15,5,23,23,474724,0.4915
nf,1.0,15,5,24,24,498410,0.4881
nf,1.0,15,5,25,25,493790,0.4957
nf,1.0,15,5,26,26,491860,0.4951
nf,1.0,15,5,27,27,484655,0.4914
nf,1.0,15,5,28,28,491963,0.4944
nf,1.0,15,5,29,29,477401,0.4922
nf,1.0,20,1,0,0,4735,0.4456
nf,1.0,20,1,1,1,4682,0.4377
nf,1.0,20,1,2,2,4954,0.4449
nf,1.0,20,1,3,3,4851,0.4685
nf,1.0,20,1,4,4,4695,0.4486
nf,1.0,20,1,5,5,4759,0.4512
nf,1.0,20,1,6,6,4857,0.454
nf,1.0,20,1,7,7,4675,0.4546
nf,1.0,20,1,8,8,4769,0.4548
nf,1.0,20,1,9,9,5262,0.4456
nf,1.0,20,1,10,10,4612,0.4511
nf,1.0,20,1,11,11,4645,0.4274
nf,1.0,20,1,12,12,4487,0.4267
nf,1.0,20,1,13,13,4738,0.4268
nf,1.0,20,1,14,14,4639,0.4296
nf,1.0,20,1,15,15,4708,0.4467
nf,1.0,20,1,16,16,4536,0.4439
nf,1.0,20,1,17,17,4469,0.4483
nf,1.0,20,1,18,18,4709,0.4562
nf,1.0,20,1,19,19,4464,0.4403
nf,1.0,20,1,20,20,4592,0.444
nf,1.0,20,1,21,21,4570,0.4359
nf,1.0,20,1,22,22,4544,0.439
nf,1.0,20,1,23,23,4542,0.44
nf,1.0,20,1,24,24,4975,0.4551
nf,1.0,20,1,25,25,4762,0.4454
nf,1.0,20,1,26,26,4294,0.4534
nf,1.0,20,1,27,27,4901,0.457
nf,1.0,20,1,28,28,4377,0.4504
nf,1.0,20,1,29,29,4711,0.4615
nf,1.0,20,3,0,0,5825,0.4225
nf,1.0,20,3,1,1,5735,0.4214
nf,1.0,20,3,2,2,5856,0.4126
nf,1.0,20,3,3,3,5524,0.4098
nf,1.0,20,3,4,4,5862,0.4178
nf,1.0,20,3,5,5,5490,0.4177
nf,1.0,20,3,6,6,6090,0.4059
nf,1.0,20,3,7,7,5511,0.4174
nf,1.0,20,3,8,8,6004,0.4123
nf,1.0,20,3,9,9,5426,0.3941
nf,1.0,20,3,10,10,6348,0.4009
nf,1.0,20,3,11,11,5825,0.4057
nf,1.0,20,3,12,12,5650,0.4
nf,1.0,20,3,13,13,5826,0.4033
nf,1.0,20,3,14,14,5976,0.4113
nf,1.0,20,3,15,15,5549,0.4066
nf,1.0,20,3,16,16,5893,0.409
nf,1.0,20,3,17,17,5445,0.4131
nf,1.0,20,3,18,18,5711,0.4075
nf,1.0,20,3,19,19,5988,0.4079
nf,1.0,20,3,20,20,5939,0.4197
nf,1.0,20,3,21,21,5799,0.4101
nf,1.0,20,3,22,22,5553,0.4151
nf,1.0,20,3,23,23,5786,0.4057
nf,1.0,20,3,24,24,6305,0.4081
nf,1.0,20,3,25,25,5706,0.4137
nf,1.0,20,3,26,26,5712,0.4193
nf,1.0,20,3,27,27,5509,0.4132
nf,1.0,20,3,28,28,5770,0.4204
nf,1.0,20,3,29,29,5714,0.4217
nf,1.0,20,5,0,0,236942,0.4771
nf,1.0,20,5,1,1,234284,0.4717
nf,1.0,20,5,2,2,233802,0.4814
nf,1.0,20,5,3,3,224639,0.4737
nf,1.0,20,5,4,4,239515,0.4819
nf,1.0,20,5,5,5,234421,0.4764
nf,1.0,20,5,6,6,239737,0.4785
nf,1.0,20,5,7,7,234556,0.4738
nf,1.0,20,5,8,8,226113,0.4788
nf,1.0,20,5,9,9,230386,0.4735
nf,1.0,20,5,10,10,234846,0.4779
nf,1.0,20,5,11,11,236268,0.4735
nf,1.0,20,5,12,12,227177,0.51
nf,1.0,20,5,13,13,235117,0.478
nf,1.0,20,5,14,14,231149,0.4791
nf,1.0,20,5,15,15,226075,0.4734
nf,1.0,20,5,16,16,235904,0.4799
nf,1.0,20,5,17,17,229233,0.4769
nf,1.0,20,5,18,18,237794,0.4772
nf,1.0,20,5,19,19,231418,0.4741
nf,1.0,20,5,20,20,230878,0.4771
nf,1.0,20,5,21,21,232406,0.4799
nf,1.0,20,5,22,22,231470,0.4801
nf,1.0,20,5,23,23,232137,0.4815
nf,1.0,20,5,24,24,224206,0.4831
nf,1.0,20,5,25,25,230756,0.4863
nf,1.0,20,5,26,26,234601,0.4869
nf,1.0,20,5,27,27,234519,0.4827
nf,1.0,20,5,28,28,234701,0.4847
nf,1.0,20,5,29,29,236502,0.4872
nf,1.5,10,1,0,0,4855,0.4774
nf,1.5,10,1,1,1,4484,0.4727
nf,1.5,10,1,2,2,5213,0.4618
nf,1.5,10,1,3,3,4044,0.4667
nf,1.5,10,1,4,4,5333,0.4685
nf,1.5,10,1,5,5,5000,0.4635
nf,1.5,10,1,6,6,5729,0.4727
nf,1.5,10,1,7,7,4892,0.472
nf,1.5,10,1,8,8,4851,0.4672
nf,1.5,10,1,9,9,5598,0.4698
nf,1.5,10,1,10,10,4451,0.4747
nf,1.5,10,1,11,11,5093,0.4662
nf,1.5,10,1,12,12,4842,0.4566
nf,1.5,10,1,13,13,5365,0.4724
nf,1.5,10,1,14,14,4557,0.4691
nf,1.5,10,1,15,15,5240,0.4699
nf,1.5,10,1,16,16,4543,0.4788
nf,1.5,10,1,17,17,4491,0.4736
nf,1.5,10,1,18,18,3966,0.4781
nf,1.5,10,1,19,19,4747,0.4791
nf,1.5,10,1,20,20,4545,0.4723
nf,1.5,10,1,21,21,5241,0.4644
nf,1.5,10,1,22,22,5737,0.4717
nf,1.5,10,1,23,23,4718,0.4721
nf,1.5,10,1,24,24,5206,0.4738
nf,1.5,10,1,25,25,5194,0.4764
nf,1.5,10,1,26,26,5125,0.4819
nf,1.5,10,1,27,27,3797,0.4778
nf,1.5,10,1,28,28,5498,0.4748
nf,1.5,10,1,29,29,4806,0.4785
nf,1.5,10,3,0,0,111567,0.4388
nf,1.5,10,3,1,1,114374,0.4563
nf,1.5,10,3,2,2,109979,0.4547
nf,1.5,10,3,3,3,107000,0.4556
nf,1.5,10,3,4,4,115586,0.4589
nf,1.5,10,3,5,5,113561,0.4489
nf,1.5,10,3,6,6,112247,0.438
nf,1.5,10,3,7,7,118485,0.4524
nf,1.5,10,3,8,8,111290,0.4416
nf,1.5,10,3,9,9,115356,0.447
nf,1.5,10,3,10,10,111685,0.4474
nf,1.5,10,3,11,11,114110,0.4287
nf,1.5,10,3,12,12,111777,0.4326
nf,1.5,10,3,13,13,110794,0.4267
nf,1.5,10,3,14,14,115189,0.427
nf,1.5,10,3,15,15,109279,0.4337
nf,1.5,10,3,16,16,113564,0.4278
nf,1.5,10,3,17,17,111286,0.4376
nf,1.5,10,3,18,18,109917,0.4434
nf,1.5,10,3,19,19,113764,0.4523
nf,1.5,10,3,20,20,111267,0.4512
nf,1.5,10,3,21,21,109209,0.4489
nf,1.5,10,3,22,22,112728,0.439
nf,1.5,10,3,23,23,113258,0.4546
nf,1.5,10,3,24,24,113236,0.4474
nf,1.5,10,3,25,25,111906,0.4575
nf,1.5,10,3,26,26,109733,0.4617
nf,1.5,10,3,27,27,110865,0.4534
nf,1.5,10,3,28,28,114719,0.4552
nf,1.5,10,3,29,29,111238,0.4578
nf,1.5,10,5,0,0,38538,0.4113
nf,1.5,10,5,1,1,36393,0.4151
nf,1.5,10,5,2,2,39173,0.4154
nf,1.5,10,5,3,3,36269,0.4118
nf,1.5,10,5,4,4,39729,0.4153
nf,1.5,10,5,5,5,41376,0.4173
nf,1.5,10,5,6,6,42056,0.4157
nf,1.5,10,5,7,7,42138,0.4135
nf,1.5,10,5,8,8,39784,0.4149
nf,1.5,10,5,9,9,39313,0.415
nf,1.5,10,5,10,10,38508,0.4171
nf,1.5,10,5,11,11,40564,0.4163
nf,1.5,10,5,12,12,39557,0.4123
nf,1.5,10,5,13,13,38264,0.4036
nf,1.5,10,5,14,14,35623,0.4016
nf,1.5,10,5,15,15,36406,0.3989
nf,1.5,10,5,16,16,41512,0.4076
nf,1.5,10,5,17,17,39237,0.4096
nf,1.5,10,5,18,18,40520,0.415
nf,1.5,10,5,19,19,38031,0.4101
nf,1.5,10,5,20,20,34880,0.4157
nf,1.5,10,5,21,21,36817,0.4132
nf,1.5,10,5,22,22,37919,0.4149
nf,1.5,10,5,23,23,37938,0.4144
nf,1.5,10,5,24,24,40335,0.4202
nf,1.5,10,5,25,25,37430,0.4184
nf,1.5,10,5,26,26,39992,0.4313
nf,1.5,10,5,27,27,37268,0.4204
nf,1.5,10,5,28,28,37291,0.4223
nf,1.5,10,5,29,29,33829,0.4179
nf,1.5,15,1,0,0,2775,0.4375
nf,1.5,15,1,1,1,2973,0.45
nf,1.5,15,1,2,2,2561,0.4694
nf,1.5,15,1,3,3,3028,0.4357
nf,1.5,15,1,4,4,2967,0.4417
nf,1.5,15,1,5,5,2619,0.452
nf,1.5,15,1,6,6,3242,0.4623
nf,1.5,15,1,7,7,3216,0.4584
nf,1.5,15,1,8,8,3098,0.4546
nf,1.5,15,1,9,9,3119,0.4571
nf,1.5,15,1,10,10,2760,0.46
nf,1.5,15,1,11,11,2697,0.4579
nf,1.5,15,1,12,12,3060,0.4549
nf,1.5,15,1,13,13,3706,0.4587
nf,1.5,15,1,14,14,2863,0.4589
nf,1.5,15,1,15,15,3194,0.4567
nf,1.5,15,1,16,16,3080,0.4586
nf,1.5,15,1,17,17,2899,0.4489
nf,1.5,15,1,18,18,3014,0.4494
nf,1.5,15,1,19,19,3000,0.454
nf,1.5,15,1,20,20,3042,0.4514
nf,1.5,15,1,21,21,2594,0.4512
nf,1.5,15,1,22,22,2642,0.4587
nf,1.5,15,1,23,23,3284,0.4662
nf,1.5,15,1,24,24,3130,0.4635
nf,1.5,15,1,25,25,2695,0.4663
nf,1.5,15,1,26,26,2946,0.4659
nf,1.5,15,1,27,27,3300,0.4581
nf,1.5,15,1,28,28,2898,0.4642
nf,1.5,15,1,29,29,3076,0.4754
nf,1.5,15,3,0,0,81839,0.4625
nf,1.5,15,3,1,1,84278,0.4616
nf,1.5,15,3,2,2,89428,0.4648
nf,1.5,15,3,3,3,82729,0.4631
nf,1.5,15,3,4,4,86961,0.4556
nf,1.5,15,3,5,5,87990,0.4643
nf,1.5,15,3,6,6,81271,0.4628
nf,1.5,15,3,7,7,80708,0.461
nf,1.5,15,3,8,8,86264,0.4652
nf,1.5,15,3,9,9,86106,0.4582
nf,1.5,15,3,10,10,85062,0.4643
nf,1.5,15,3,11,11,81811,0.4573
nf,1.5,15,3,12,12,85631,0.4644
nf,1.5,15,3,13,13,90475,0.4633
nf,1.5,15,3,14,14,83177,0.4588
nf,1.5,15,3,15,15,84140,0.4599
nf,1.5,15,3,16,16,85388,0.4632
nf,1.5,15,3,17,17,84576,0.4629
nf,1.5,15,3,18,18,81738,0.4634
nf,1.5,15,3,19,19,85778,0.4635
nf,1.5,15,3,20,20,84650,0.4654
nf,1.5,15,3,21,21,81557,0.4614
nf,1.5,15,3,22,22,87752,0.4713
nf,1.5,15,3,23,23,84641,0.4676
nf,1.5,15,3,24,24,85202,0.4679
nf,1.5,15,3,25,25,81686,0.4657
nf,1.5,15,3,26,26,85872,0.4734
nf,1.5,15,3,27,27,87968,0.4696
nf,1.5,15,3,28,28,84327,0.4741
nf,1.5,15,3,29,29,86111,0.4755
nf,1.5,15,5,0,0,267229,0.4704
nf,1.5,15,5,1,1,270154,0.4773
nf,1.5,15,5,2,2,256663,0.4771
nf,1.5,15,5,3,3,263963,0.471
nf,1.5,15,5,4,4,268477,0.4785
nf,1.5,15,5,5,5,273859,0.4755
nf,1.5,15,5,6,6,266559,0.4732
nf,1.5,15,5,7,7,265836,0.4722
nf,1.5,15,5,8,8,272702,0.4713
nf,1.5,15,5,9,9,269099,0.4748
nf,1.5,15,5,10,10,268629,0.4723
nf,1.5,15,5,11,11,270683,0.4737
nf,1.5,15,5,12,12,261834,0.4672
nf,1.5,15,5,13,13,268052,0.4671
nf,1.5,15,5,14,14,262103,0.473
nf,1.5,15,5,15,15,270555,0.4622
nf,1.5,15,5,16,16,266337,0.4742
nf,1.5,15,5,17,17,273938,0.5199
nf,1.5,15,5,18,18,264721,0.4775
nf,1.5,15,5,19,19,262472,0.4843
nf,1.5,15,5,20,20,267848,0.4667
nf,1.5,15,5,21,21,266117,0.4704
nf,1.5,15,5,22,22,271093,0.4675
nf,1.5,15,5,23,23,263395,0.468
nf,1.5,15,5,24,24,275602,0.4723
nf,1.5,15,5,25,25,273925,0.4701
nf,1.5,15,5,26,26,259280,0.4782
nf,1.5,15,5,27,27,267209,0.4708
nf,1.5,15,5,28,28,264106,0.4732
nf,1.5,15,5,29,29,265685,0.4753
nf,1.5,20,1,0,0,1753,0.4372
nf,1.5,20,1,1,1,1902,0.4194
nf,1.5,20,1,2,2,1917,0.4212
nf,1.5,20,1,3,3,1548,0.4221
nf,1.5,20,1,4,4,1744,0.4323
nf,1.5,20,1,5,5,1912,0.4409
nf,1.5,20,1,6,6,1909,0.4385
nf,1.5,20,1,7,7,1700,0.4406
nf,1.5,20,1,8,8,1915,0.4363
nf,1.5,20,1,9,9,1836,0.4311
nf,1.5,20,1,10,10,2020,0.4303
nf,1.5,20,1,11,11,1912,0.4308
nf,1.5,20,1,12,12,1723,0.438
nf,1.5,20,1,13,13,1881,0.435
nf,1.5,20,1,14,14,1758,0.4496
nf,1.5,20,1,15,15,1714,0.4384
nf,1.5,20,1,16,16,1701,0.4419
nf,1.5,20,1,17,17,1802,0.4427
nf,1.5,20,1,18,18,1823,0.4392
nf,1.5,20,1,19,19,1875,0.4474
nf,1.5,20,1,20,20,1842,0.444
nf,1.5,20,1,21,21,1843,0.4421
nf,1.5,20,1,22,22,1564,0.4529
nf,1.5,20,1,23,23,1955,0.4471
nf,1.5,20,1,24,24,1685,0.4416
nf,1.5,20,1,25,25,2064,0.4443
nf,1.5,20,1,26,26,1662,0.4401
nf,1.5,20,1,27,27,1782,0.432
nf,1.5,20,1,28,28,1900,0.4334
nf,1.5,20,1,29,29,1786,0.4279
nf,1.5,20,3,0,0,3880,0.422
nf,1.5,20,3,1,1,4164,0.4211
nf,1.5,20,3,2,2,3918,0.4187
nf,1.5,20,3,3,3,4198,0.4198
nf,1.5,20,3,4,4,4171,0.4248
nf,1.5,20,3,5,5,4591,0.426
nf,1.5,20,3,6,6,3668,0.4148
nf,1.5,20,3,7,7,4009,0.4211
nf,1.5,20,3,8,8,3751,0.4137
nf,1.5,20,3,9,9,3518,0.4222
nf,1.5,20,3,10,10,3817,0.4194
nf,1.5,20,3,11,11,4096,0.4228
nf,1.5,20,3,12,12,4092,0.4178
nf,1.5,20,3,13,13,3821,0.4209
nf,1.5,20,3,14,14,4058,0.4256
nf,1.5,20,3,15,15,3688,0.4252
nf,1.5,20,3,16,16,4556,0.4308
nf,1.5,20,3,17,17,3879,0.4312
nf,1.5,20,3,18,18,4861,0.4218
nf,1.5,20,3,19,19,3407,0.4189
nf,1.5,20,3,20,20,3883,0.4247
nf,1.5,20,3,21,21,4822,0.4267
nf,1.5,20,3,22,22,3692,0.4122
nf,1.5,20,3,23,23,3953,0.4069
nf,1.5,20,3,24,24,4202,0.4157
nf,1.5,20,3,25,25,3471,0.4053
nf,1.5,20,3,26,26,4034,0.4203
nf,1.5,20,3,27,27,3576,0.432
nf,1.5,20,3,28,28,4210,0.4322
nf,1.5,20,3,29,29,4126,0.4242
nf,1.5,20,5,0,0,10675,0.4202
nf,1.5,20,5,1,1,8970,0.4192
nf,1.5,20,5,2,2,8135,0.4215
nf,1.5,20,5,3,3,8878,0.4189
nf,1.5,20,5,4,4,9196,0.4164
nf,1.5,20,5,5,5,8747,0.4209
nf,1.5,20,5,6,6,9335,0.4169
nf,1.5,20,5,7,7,10783,0.4223
nf,1.5,20,5,8,8,9402,0.421
nf,1.5,20,5,9,9,10317,0.4193
nf,1.5,20,5,10,10,8416,0.418
nf,1.5,20,5,11,11,8723,0.42
nf,1.5,20,5,12,12,9093,0.419
nf,1.5,20,5,13,13,8318,0.4128
nf,1.5,20,5,14,14,8615,0.4109
nf,1.5,20,5,15,15,9298,0.4176
nf,1.5,20,5,16,16,8207,0.4212
nf,1.5,20,5,17,17,9884,0.4216
nf,1.5,20,5,18,18,9293,0.4212
nf,1.5,20,5,19,19,8583,0.4191
nf,1.5,20,5,20,20,8864,0.4185
nf,1.5,20,5,21,21,8734,0.4202
nf,1.5,20,5,22,22,9474,0.4237
nf,1.5,20,5,23,23,10188,0.4229
nf,1.5,20,5,24,24,8682,0.4264
nf,1.5,20,5,25,25,10199,0.4278
nf,1.5,20,5,26,26,8982,0.43
nf,1.5,20,5,27,27,8679,0.4307
nf,1.5,20,5,28,28,9982,0.4326
nf,1.5,20,5,29,29,9584,0.435
